Author,Tag1,Tag2,Tag3
Author,Word1,Word2,Word3
braigwen_s,Malavai Quinn & Vette,Malavai Quinn/Female Sith Warrior (background)Malavai Quinn,Vette (Star Wars)Autistic Malavai Quinn
melodinklings,Crosshair & CT-21-0408 ,CT-1409 ,Echo & Hunter & Omega & Tech & Wrecker (Star Wars: The Bad Batch)Hunter (Star Wars: The Bad Batch)
Azertyrobaz,Baby Yoda,Din Djarin & Paz Vizsla,Din Djarin & Grogu 
manofbeskar,Scott (Star Wars: The Book of Boba Fett),Jo (The Mandalorian TV),Weequay Proprietor 
Pamillie,CT-7567 ,Rex/Ahsoka TanoCT-7567 ,Rex
duchesssappho,CC-2224 ,Cody & Obi-Wan Kenobi,Cody
Eating_Flowers,Poe Dameron/Reader,Poe Dameron/YouPoe DameronIllness,Nausea
MisakiArioka,Din Djarin/Reader,Din Djarin/You,Din Djarin & Reader
LuminousBeingsAreWe (Jennifer_Perry12),Anakin Skywalker,Padawan Anakin Skywalker,Obi-Wan Kenobi & Anakin SkywalkerObi-Wan Kenobi
dragonheart09,CT-9904 ,Crosshair & Clone Commander MaydayCrosshair (Star Wars: The Bad Batch),Clone Commander Mayday (Star Wars)Crosshair Needs a Hug (Star Wars: The Bad Batch)
reylotrash711,Rey/Ben Solo ,Kylo RenRey (Star Wars),Ben Solo 
GunRoswell (GunRoswall),CT-1409 ,Not Canon Compliant,Echo
Starwalkertales,Obi-Wan Kenobi & Anakin SkywalkerObi-Wan Kenobi,Anakin Skywalker,Sheev Palpatine 
Himilce,Obi-Wan Kenobi/Anakin SkywalkerAnakin Skywalker,Obi-Wan Kenobi,Jocasta Nu
notpersephone02,Breha Organa & Leia Organa,Bail Organa/Breha OrganaBreha Organa,Leia Organa
Ayearandaday,Kylo Ren,Rey/Ben Solo ,Kylo Ren/ReyRey (Star Wars)
BurnWater_13,Din Djarin & Grogu ,Baby Yoda,Grogu 
BobasBounty5,Boba Fett/Reader,Short One Shot,Short & Sweet
Minicole,Crack,nanAnakin Skywalker ,Darth Vader
reddottedpaper,Cal Kestis/Merrin,BD-1 & Cal Kestis,Cere Junda & Cal Kestis
orphan_account,CT-21-0408 ,CT-1409 ,Rey/Ben Solo 
stopstopstopit,CT-1409 ,CT-9904 ,CT-21-0408 
GreenBayDan22,Mara Jade/Luke Skywalker,Leia Organa/Han SoloMara Jade,Luke Skywalker
commanderdameron,Obi-Wan Kenobi & ReyObi-Wan Kenobi,Rey (Star Wars)Post-Star Wars: A New Hope,Pre-Star Wars: The Force Awakens
CourtesyTrefflin,CT-7567 ,Hurt/Comfort,Angst
SingSwan_SpringSwan,werewolf kanan jarrus,Kanan Jarrus/Hera Syndulla,Kanan Jarrus & Hera SyndullaKanan Jarrus
Vedavan,Rey/Ben Solo ,Kylo RenRey (Star Wars),Ben Solo
raeofsunshin,Cadence Haren & Daska TarminDaska Tarmin ,Secretary,Cadence Harenhey followers its me
TwentyFunnyBunnies,ARC-5555 ,CT-27-5555 ,CT-6116 
BellaGriffin,Padmé Amidala/Anakin Skywalker,Padmé Amidala,Obi-Wan Kenobi
DarthLesbian,Cinta Kaz/Vel SarthaCinta Kaz,Vel SarthaFluff,Stargazing
StellanSlashGeode,Satine Kryze & Barriss Offee,Soniee & Barriss Offee,Lagos & Barriss Offee
Mimisempai,Fluff,Din Djarin/Luke Skywalker,Din Djarin & Grogu 
ineedminions,Tully,Ned Stark,Catelyn Tully Stark
JBwritesStarWars (jbwritesthings),nannanCharacter Sheets,Character Information,OC Sheets
Elska_of_Hedeby,nan99 (Star Wars: The Clone Wars),Null ARC Troopers (Star Wars),Ko Sai
berkinix,nanIN ORDER OF APPEARANCE...,Selonian Characters (Star Wars),Zabrak Characters (Star Wars)
Gimtak_Zibeti,nanHunter (Star Wars: The Bad Batch),Tech (Star Wars: The Bad Batch),CT-21-0408 
ghostofskywalker,CT-1409 ,Cuddling & Snuggling,CT-21-0408 
Taste_is_Sweet,Cassian Andor & Ruescott MelshiRuescott Melshi,Cassian AndorAngst,Angst and Hurt/Comfort
Brokenstar,CT-9904 ,Crosshair & Clone Commander MaydayCrosshair (Star Wars: The Bad Batch),Clone Commander Mayday (Star Wars)
idleWanderer,CC-2224 ,Cody/Obi-Wan KenobiCC-2224 ,Cody
SelenaHopeOfficial,ReyloRey (Star Wars),Ben Solo ,Kylo RenReylo AU Week 2018
queenlucythevaliant,Éowyn/Faramir (Son of Denethor II),Leia Organa/Han SoloÉowyn (Tolkien),Faramir (Son of Denethor II)
mballyntyne,CC-2224 ,Obi-Wan Kenobi,Ahsoka Tano
Talita01,Hunter (Star Wars: The Bad Batch)/Reader,Hunter (Star Wars: The Bad Batch) & ReaderHunter (Star Wars: The Bad Batch),Tech (Star Wars: The Bad Batch)
cac0daemonia,Boil & Numa & Waxer (Star Wars),Numa (Star Wars),Fluff
SquidWonder,Darth Vader,Luke Skywalker & Darth VaderLuke Skywalker,Fluff and Angst
IDKBISHSSS,Cinta Kaz/Vel SarthaCinta Kaz,Vel Sartha,Luthen RaelFluff
shmoost,Qui-Gon Jinn & Tahl,Plo Koon & Bant Eerin,Tahl & Bant Eerin
RexIsMyCopilot,Obi-Wan Kenobi/Anakin Skywalker,Qui-Gon Jinn/Obi-Wan Kenobi/Anakin Skywalker,Qui-Gon Jinn & Anakin Skywalker
Anonymous,CC-2224 ,Non-Sexual Age Play,Cody
WhiteWitchDark,nanRevan (Star Wars),Obi-Wan Kenobi,Reeft (Star Wars)
Wookiee_Writes,Leia Organa/Han SoloHan Solo,Leia Organa,Jan Dodonna
Flowerparrish Pods (Flowerparrish),Audio Format: MP3,Audio Format: Streaming,Podfic Length: 0-10 Minutes
mivyts,Din Djarin/ReaderDin Djarin,Grogu ,Baby YodaFluff
MintyEcco,Autistic Tech (Star Wars: The Bad Batch),CT-9904 ,Smart Tech (Star Wars: The Bad Batch)
gracedbybattle,CC-2224 ,Rex,Cody/Obi-Wan Kenobi
trillasbitch,Second Sister,Cere Junda & Cal Kestis,Cere Junda & Trilla Suduri 
Fiddledeedee,Baby Yoda,Din Djarin & Grogu ,Din Djarin & Bo-Katan Kryze
mapplestrudel,Paz Vizsla/Reader,Paz Vizsla/YouPaz Vizsla,Earthling!Reader - Characterhighly self-indulgent semi self-insert
Wishfulthinking1979,Venka (Star Wars),Epic Bromance,Family Feels
lamaenthel,Ahsoka Tano,CT-7567 ,Obi-Wan Kenobi & Ahsoka Tano
skim_milkk,CT-1409 ,Crosshair & CT-21-0408 ,Hunter (Star Wars: The Bad Batch)
Libby_25cSoda,Darth Vader,Luke Skywalker & Darth Vader,Biggs Darklighter & Luke SkywalkerLuke Skywalker
bitterburns,Vanessa A. ,CT-7567 ,Reader-Insert
MellenHead,Darth Vader,Firmus Piett/Darth VaderAnakin Skywalker ,Firmus Piett
Forever_A_Thief,CC-2224 ,ARC-5555 ,Rex
LoomLun,Obi-Wan Kenobi/Anakin SkywalkerAnakin Skywalker,Obi-Wan KenobiAI,AI generated story
Vox_CT_0930 (fynneas_k),CT-21-0408 ,CT-1409 ,nanWrecker (Star Wars: The Bad Batch)
Hilimi,Mace Windu,Protective Mace Windu,Wolffe
NotNecessarilyInThatOrder,OrreliosFamily,Friendship,Found Family
Greencharacters,Hera Syndulla Needs A Hug,Kanan Jarrus/Hera SyndullaHera Syndulla,Kanan Jarrus
burningallofmybridges,Obi-Wan Kenobi & Anakin Skywalker,Anakin Skywalker & Ahsoka Tano,Obi-Wan Kenobi & Ahsoka Tano
ParkerD17,Fluff,Tooth-Rotting Fluff,gender neutral reader
MandoGab,Fenn Rau & Kala Rook (OC),Fenn Rau & Protector Jastor (OC),Kala Rook/Protector JastorFenn Rau
Bloopy42,Kleya Marki/Luthen Rael,Kleya Marki & Luthen RaelLuthen Rael,Kleya Marki
RedfieldFamilyFan24,Baby Yoda,Mandalorians (Star Wars),Soft Din Djarin
SCWLC,Padmé Amidala/Anakin Skywalker,Jedi Culture & Tradition (Star Wars),Fix-It
Wishuponaduck,nanOriginal Clone Trooper Character(s) (Star Wars),Clone Trooper Hardcase (Star Wars),CC-1010 
Eggtoddy,Baby Yoda,Din Djarin & Grogu ,Boba Fett & Grogu 
Pathetic_Life_Form (Laurelindorenan),Hurt Obi-Wan Kenobi,Caring Qui-Gon Jinn,Qui-Gon Jinn is a Good Jedi Master
Fishykarp,nanDarth Maul,Eldra KaitisCharacter Study,Angst
abp,CC-2224 ,Cody/Obi-Wan KenobiCC-2224 ,Cody
kbirb pods (kbirb),Podfic,Podfic Length: 0-10 Minutes,Audio Format: MP3
AlamoGirl80,Clone Trooper Boil/Clone Trooper Waxer (Star Wars),Clone Trooper Boil & Clone Trooper Waxer (Star Wars)Clone Trooper Boil (Star Wars),Clone Trooper Waxer (Star Wars)Hurt/Comfort
NEON_JUNKIE,CT-9904 ,Crosshair/ReadernanEnemies to Friends,Bickering
Alium_Artifex,CC-2224 ,Cody/Obi-Wan Kenobi,Obi-Wan Kenobi/Satine Kryze
glensalvorson,Vestara Khai/Ben Skywalker (Star Wars Legends)Luke Skywalker,Ben Skywalker (Star Wars Legends),Vestara Khai
brightestorangedawn,Padmé Amidala,Darth Vader,Padmé Amidala/Anakin SkywalkerAnakin Skywalker
Threebea O (ThreeBea),CT-7567 ,Anakin Skywalker,CC-2224 
Lea_Angels,CC-2224 ,212th Attack Battalion Members (Star Wars: The Clone Wars) & Obi-Wan Kenobi,Cody & Obi-Wan Kenobi
pagination,nanDin Djarin,Grogu ,Baby Yoda
Obligatory_Trope_Insert,Legions Order AU,Darth Maul & Ahsoka Tano,Clone Troopers & Yoda (Star Wars)
Virodeil,Emotional Hurt/Comfort,Mandalorian Culture,Found Family
BitterChocolateStars,CC-2224 ,Cody,Cody/Obi-Wan Kenobi
slimyballs,CT-9904 ,Crosshair & Clone Commander Mayday,Crosshair & Hunter & Omega & Tech & Wrecker (Star Wars: The Bad Batch)Clone Commander Mayday (Star Wars)
Gabri_Jade,Family,Family Feels,Family Bonding
Dghom4him,CC-2224 ,Cody,104th Battalion 
scribble_dribble_writes,Obi-Wan Kenobi/You,Obi-Wan Kenobi/Reader,Obi-Wan Kenobi & You
Cosmo_the_haunted_minivan,Thrawn ,Mitth'raw'nuruodo/Eli VantonanMissing Scene,Angst
Goldenwolf0821,Din Djarin/Cara Dune,Din Djarin & Grogu ,Baby YodaDin Djarinhurt cumfort
NintendoRod484,Cutup & Droidbait & Echo & Fives & Hevy (Star Wars)Domino Squad (Star Wars),CT-4040 ,Cutup
peppermintwolf,Din Djarin/Bo-Katan Kryze,Din Djarin & Bo-Katan KryzeBo-Katan Kryze,Din Djarin
NimbusLlewelyn,Rachel Summers,Anakin Skywalker,nanYoda (Star Wars)
TopShelfFics,CT-21-0408 ,CT-1409 ,Omega (Star Wars: The Bad Batch) & Reader
MapleOwl18,Clone Trooper Boil/Clone Trooper Waxer (Star Wars),Clone Trooper Boil & CC-2224 ,Cody & Clone Trooper WaxerClone Trooper Boil (Star Wars)
RMWrites,Alpha-13 ,CC-1010 ,Hacksaw
Bubbl3zdaSeaOtter37,Orrelios,C1-10P ,Chopper
DarthVorath,nanYoda (Star Wars),Dooku (Star Wars),Qui-Gon Jinn
PegliOne,Darth Vader,nanAnakin Skywalker ,Executor 
mockspeed,CC-2224 ,Cody,Cody/Obi-Wan Kenobi
dindjarinsgf,Hunter & Omega (Star Wars: The Bad Batch)Hunter (Star Wars: The Bad Batch),Omega (Star Wars: The Bad Batch),Nala SeBaby Hunter - Freeform
apathetic_but_passionate,CT-9904 ,Crosshair & Clone Commander Mayday,Crosshair & Clone Trooper Hunter & Clone Trooper Tech & Clone Trooper Wrecker
Baz,Chewbacca (Star Wars),nanLuke Skywalker,Han Solo
iamthewanderersdaughter,nanClone Trooper Hawk (Star Wars),CT-7567 ,Rex
nobody_expects_the_inquisitorius,Grand Inquisitor & Original Female Character(s)Grand Inquisitor (Star Wars),Original Imperial Characters (Star Wars),Original Female Character(s)
WalkAwayTall,Leia Organa & Luke Skywalker & Han Solo,Leia Organa/Han SoloLeia Organa,Han Solo
Han_solos_husband,Jones,Han Solo,Lando Calrissian
The_Kittylorian (Carasynthia_Lune),Baby Yoda,Grogu ,Din Djarin & Grogu 
Redtiger,nanHarry Potter,Ginny Weasley,Clone Troopers (Star Wars)
XarisEirene,Kylo Ren,Rey/Ben Solo ,Rey & Luke SkywalkerRey (Star Wars)
Sarlydro,Anakin Skywalker & Luke SkywalkerLuke Skywalker,Anakin Skywalker ,Darth Vader
Tsukary,CT-1409 ,Crosshair (Star Wars: The Bad Batch)/Original Character(s),Crosshair & Omega (Star Wars: The Bad Batch)
Coline7373,CC-2224 ,Cody,Cody & Obi-Wan Kenobi
thenerduniverse,Padmé Amidala,Luke Skywalker,baby leia
Hostiles_on_the_hill,Luke Skywalker/Reader,Luke Skywalker/YouShaak Ti,Obi-Wan Kenobi
DarthJin,Obi-Wan Kenobi & Anakin Skywalker,Padmé Amidala/Anakin SkywalkerObi-Wan Kenobi,Anakin Skywalker
Scyfymom13,Kylo Ren,Rey/Ben Solo ,Kylo Ren/Rey
FantasyFreak_2,CC-2224 ,CT-7567 ,Obi-Wan Kenobi Needs a Hug
speakofthedevil,CT-7567 ,Fluff,Anakin Skywalker & Ahsoka Tano
LovesLaboursFound,CT-9904 ,Crosshair/Mayday (Star Wars: The Bad Batch)Crosshair (Star Wars: The Bad Batch),Mayday (Star Wars: The Bad Batch)Blizzards & Snowstorms
BeccaBooks,CT-1409 ,CT-21-0408 ,Echo
Ahdoka99,CT-7567 ,nanAhsoka Tano,Rex
Scoby,Adonai Kryze & Bo-Katan Kryze,Bo-Katan Kryze & Satine KryzeBo-Katan Kryze,Adonai Kryze
Umbrae Storm (Goldengirl01),Anakin Skywalker & Shmi Skywalker,Qui-Gon Jinn & Obi-Wan Kenobi,Anakin Skywalker & Reader
eurusholmmes,CT-6116 ,Kix,Kix & Bo-Katan KryzeBo-Katan Kryze
Captastra,Cassian Andor/Jyn ErsoJyn Erso,Cassian Andor,Chirrut Îmwe
JordannaMorgan,Din Djarin & Grogu ,Baby Yoda,Din Djarin & Peli Motto
maarvehl,CT-7567 ,Leia Organa & Luke Skywalker,Leia Organa & Ahsoka Tano
raetoricalquestions,Padmé Amidala/Anakin Skywalker,Padmé Amidala & SabéPadmé Amidala,Anakin Skywalker
AuthorToBeNamedLater,Din Djarin & Bo-Katan Kryze,Din Djarin/Bo-Katan KryzeDin Djarin,Bo-Katan KryzePre-Relationship
ReyAndor19,Rose Tico,Kaydel Ko Connix,Nimi Chireen
foreverchangingfandoms,CC-2224 ,Cody,Cody/Obi-Wan KenobiCC-2224 
JediCakes08,Orrelios,Thrawn ,Mitth'raw'nuruodoPrincess Ashoka
Thunder_and_Tea,Obi-Wan Kenobi & Quinlan Vos,Dooku & Obi-Wan Kenobi,Dooku/Jocasta Nu
gaylaxylvr (fluffyledollabean),Qui-Gon Jinn & Obi-Wan Kenobi,Qui-Gon Jinn & Anakin Skywalker,Obi-Wan Kenobi & Anakin Skywalker
Hellyjellybean,Kylo Ren,Rey/Ben Solo ,Rey/Ben SoloRey (Star Wars)
Yellowisharo,CC-2224 ,Cody/Obi-Wan Kenobi,Obi-Wan Kenobi & Quinlan VosCC-2224 
Swamp Lily (frosted_swamp_lily),Vah'nya/Eli VantoEli Vanto,Vah'nya (Star Wars)nan,Vah'nya/Eli VantoVah'nya (Star Wars)
The_neurodivergent_nerd,CT-1409 ,Rex,only a little though
Wixiany,One-Shot,CC-2224 ,Cody
ReneeoftheStars,nanEeth Koth,Jedi Padawan Character(s),Jedi Master Character(s)
Halfling_MadMax,Lana Beniko & Sable Beniko-Rivashi,Lana Beniko/Luce Rivashi,Lana Beniko/Female Jedi Knight 
elismor_aswell,Drabble Collection,100 Drabble Challenge,Drabble
slotmachines_fearofgod,CC-2224 ,Cody/Obi-Wan KenobiObi-Wan Kenobi,CodyAngst
the_starlight,Obi-Wan Kenobi & Anakin SkywalkerAnakin Skywalker,Obi-Wan Kenobi,Sheev Palpatine 
DragonRider_9905,CT-21-0408 ,CT-1409 ,Fluff and Humor
Achellias,Obi-Wan Kenobi & Anakin Skywalker,Anakin Skywalker & Ahsoka Tano,Obi-Wan Kenobi & Ahsoka Tano
treescape,Din Djarin/Boba Fett/Luke SkywalkerDin Djarin,Boba Fett,Luke Skywalker
MelodyAndTea,CC-2224 ,Cody,Post-Order 66 (Star Wars)
Azure_Waves,Din Djarin/Darcy LewisDin Djarin,Darcy LewisDigital Art,Established Relationship
Tereox_X,CC-2224 ,Fluff,Clone Troopers Speak Mando'a (Star Wars)
SecretAgentIx,CC-2224 ,Sleep,Slice of Life
Jennifer_Perry12,Anakin Skywalker,Mentioned Shmi Skywalker,Master & Padawan Relationship(s)
Perilous_Grey,Din Djarin & Bo-Katan KryzeDin Djarin,Bo-Katan Kryze,Grogu 
lothaleris,CT-7567 ,Anakin Skywalker & Luke Skywalker,Obi-Wan Kenobi & Anakin Skywalker
NorthernBorealis,Wolffe,Plo Koon & Ahsoka Tano,Ahsoka Tano & CC-3636 
Storygirl21,Padmé Amidala/Anakin Skywalker,Obi-Wan Kenobi/Satine Kryze,Anakin Skywalker & Ahsoka Tano
AudrielTaurelin,nannanInspired by Roleplay/Roleplay Adaptation,Mara Fett (OC) & Clone Troopers,Mara Fett (OC) & Obi-Wan Kenobi
Jess_a_Dreamer,CT-1409 ,CT-21-0408 ,Echo
WhatisWithin,Leia Organa & Luke Skywalker,Leia Organa & Anakin Skywalker,Padmé Amidala/Anakin SkywalkerLeia Organa
SannahOfSkva,Yoda & Other(s),Maz Kanata & Yoda,Dooku & Yoda
EmiWanKenobi,nanPoe DameronFirst Order Poe Dameron,but not the way you think,Ambiguous/Open Ending
SomeRandomJedi,nanObi-Wan Kenobi,Ahsoka Tano,Anakin Skywalker 
Eilisande,Alexsandr Kallus & Ahsoka TanoAlexsandr Kallus,Ahsoka TanoAlexsandr Kallus as Fulcrum,Alexsandr Kallus is a Mess
sophronist,nanCC-2224 ,Codyspace,Spaceships
Greyriver20,CT-7567 ,Clone Force 99 ,Bad Batch & Crosshair (Star Wars: Bad Batch)
ItsEasyBreezy,Din Djarin & Grogu ,Baby Yoda,Grogu 
uncleanakin (unclemoriarty),Baby Yoda,Grogu ,Din Djarin & Grogu 
catsnkooks,CC-2224 ,Cody/Obi-Wan KenobiCC-2224 ,Cody
jediswiftie,Obi-Wan Kenobi/Original Male Character(s),Padmé Amidala/Anakin Skywalker,Obi-Wan Kenobi & Anakin Skywalker
SunsetsOverLA,CS-1004 ,Boomer,Friendship/Love
JillianFahey,CC-5052 ,Savage Opress,All Dathmarians need therapy
taiyaki_keeki,Din Djarin/Luke Skywalker,Din Djarin & Grogu ,Baby Yoda & Luke SkywalkerDin Djarin
Admiral_Byzantium,nanNatasi Daala,Han Solonan
M_DeMarko,Angst,Drama,Emotional Hurt
Goth_Kitty,Rogue Squadron ,nanAhsoka Tano,Obi-Wan Kenobi
Imtheonetheycallme,CT-21-0408 ,CT-1409 ,Hunter (Star Wars: The Bad Batch)/Reader
Jedi_Knight1997,Mara Jade/Luke Skywalker,Jacen Solo & Jaina Solo,Leia Organa/Luke Skywalker/Han Solo
underworldqueen13,Rex,CC-2224 ,Fox
S_anne,Obi-Wan Kenobi/Anakin SkywalkerObi-Wan Kenobi,Anakin Skywalker,Ahsoka Tano
kyberking,Orreliosthe complicated nature of Kalluzeb,Introspection,denied love confessions
LadyAnidala,Padmé Amidala/Anakin Skywalker,CT-7567 ,Padmé Amidala
Buckhunter,CT-9904 ,Crosshair & Mayday (Star Wars: The Bad Batch),Crosshair & Clone Force 99 
ebw_writes499,CC-2224 ,Cody,Cody/Obi-Wan KenobiCC-2224 
Is_Lu_For_Everyone,Obi-Wan Kenobi & Darth MaulObi-Wan Kenobi,Darth MaulPadawan Obi-Wan Kenobi,Darth Maul Being a Little Shit
musing_and_writing,nanFirmus Piett,Double Agents,Salt and Light
ii_Digestive_Reader_ii,Obi-Wan Kenobi/Satine KryzeObi-Wan Kenobi,Satine Kryze,Dexter Jettster
DefNotEri,nanHunter (Star Wars: The Bad Batch),Wrecker (Star Wars: The Bad Batch),Tech (Star Wars: The Bad Batch)
JGVFHL,nanOriginal Clone Character(s),CC-6666,CC-4477 
ohemdee,nanRey (Star Wars)nan
saiditallbefore,Chelli Lona Aphra/River SongChelli Lona Aphra,River SongDouble Drabble,Exes
c_m_li,CT-7567 ,CC-2224 ,Planet Melida 
tocourtdisaster,CC-2224 ,Cody,Not Beta Read
StardustAndAsh,BD-1 & Cal Kestis,Cal Kestis & Clone Troopers,Cal Kestis & The Mantis CrewCal Kestis
questforgalas,Tooth-Rotting Fluff,Anakin Skywalker,CT-1409 
quetzaly,Qui-Gon Jinn & Anakin SkywalkerQui-Gon Jinn,Anakin Skywalker,Obi-Wan Kenobi
peterpparkrr,Poe Dameron/Reader,Poe Dameron/You,Poe Dameron/Original Female Character(s)
Vibratingbones (Nhadel),Thrawn ,Mitth'raw'nuruodo/Reader,Mitth'raw'nuruodo & Reader
thetamehistorian,Din Djarin & Bo-Katan KryzeDin Djarin,Bo-Katan Kryze,Grogu 
RyanTheDark,Obi-Wan Kenobi,Padmé Amidala,Sabé (Star Wars)
cadogurl,Reader-Insert,Armitage Hux Has Feelings,First Order Politics (Star Wars)
Fulcrum55,CC-2224 ,Rex,ARC-5555 
Quiet_Shadow,Short & Sweet,Obi-Wan Kenobi & Quinlan Vos,Obi-Wan Kenobi & Anakin Skywalker
cabezadeperro (minigami),CC-2224 ,Cody/Obi-Wan KenobiObi-Wan Kenobi,CodyEstablished Relationship
Chaotic_Dumbass_Rogue,Hera Syndulla,Childhood Friends,Ezra Bridger
NeutralMime,nanImagine lots of different characters,Plus those with the most well known franchises,Godzilla
Aelfwynn,No Romantic Relationship(s)Tech (Star Wars: The Bad Batch),Angst,Tech-centric (Star Wars: The Bad Batch)
Apollos_Slytherin_Daughter,CT-27-5555 ,ARC-5555 ,Rex
atamascolily,nannanNonfiction,Meta,Time - Freeform
Bronzeling,Original Character(s)/Original Character(s),Original Jedi Character(s)/Original Sith Character(s)Original Sith Character(s),Original Jedi Character(s) (Star Wars)Enemies to Lovers
Wolviecat,Whump,Febuwhump,Hallucinations
XJaneShepardX,nanRey (Star Wars),Sailor Senshi,Tomoe Hotaru
SorciereMystique,Obitine,Obi-Wan and Satine are married,Obi-Wan Kenobi/Satine KryzeSatine Kryze
rakketyrivertam,Rex,CT-1409 ,CT-7567 
SofterSun,CT-1409 ,CT-9904 ,Crosshair & CT-21-0408 
NanoTwentyFaces,CT-1409 ,CT-21-0408 ,Echo
BluePickle,CC-2224 ,Cody & Obi-Wan KenobiCC-2224 ,Cody
Soft__Dragon,CT-1409 ,Tickling,CT-21-0408 
al3xpdx,Din Djarin/Reader,Din Djarin/YouDin Djarin,Not Beta Read
DragonHeartstring360,Luke Skywalker/Reader,Luke Skywalker/YouLuke Skywalker,Din Djarin
amberlo133,CT-7567 ,CC-2224 ,Riyo Chuchi/CC-1010 
BoliTheSenate,Original Mandalorian Characters (Star Wars),Alternate Universe - Canon Divergence,Mandalorian Culture (Star Wars)
Dim_Dino,Homura ,Hikari ,Hana 
StressedWriterTM,Din Djarin/Cobb VanthDin Djarin,Cobb Vanth,Grogu 
DarthRevan236,nanDarth Malgus,Dooku ,Darth Tyranus
JediBatman,Jules César ,Obélix ,Obelix/Phasma (Star Wars)
WhoBarkerDwarfer2,Boba Fett/Fennec ShandBoba Fett,Fennec Shand,Boba Fett
hayam,Padawan Anakin Skywalker,Anakin Skywalker Needs a Hug,Obi-Wan Kenobi Needs a Hug
aetherbandit,nanGrogu ,Baby Yoda,Din DjarinNightmares
AmberOwl24,CT-21-0408 ,CT-1409 ,nanTech (Star Wars: The Bad Batch)
ShinyHalo115,nannanFanwork Research & Reference Guides,AO3 Statistics,Friendship
Vilian,Kimble,Female Jedi Knight ,Hero of Tython
TheGuardianKnight,Ahsoka Tano,Jango Fett & Ahsoka Tano,Obi-Wan Kenobi & Anakin Skywalker
lyricwritesprose,nanOriginal Characters,C-3PO (Star Wars),R2-D2 (Star Wars)
y0u_idjits,Obi-Wan Kenobi/Anakin SkywalkerAnakin Skywalker,CT-7567 ,Rex
nogooddeedgoesunpunished,CT-7567 ,Orrelios,Rex/Ahsoka Tano
januarys,Cal Kestis/MerrinCal Kestis,Merrin (Star Wars)Fluff,and it's utterly romantic that's all I want from these two
BlueWarpath,Rex,CT-7567 ,ARC-5555 
Jedi66,Eren Jaeger / original female character,Sasha Blouse/Bertolt Hoover,Leia Organa/Han SoloEren Yeager
HunnyTheBee,CT-21-0408 ,CT-1409 ,CT-9904 
0dannyphantom0,CC-2224 ,Cody/Obi-Wan KenobiCC-2224 ,Cody
TBNR_Potato,nannannan,nannanPre-Star Wars: The Clone Wars,Canon Divergence - Star Wars: The Phantom Menace
wyolica,Qui-Gon Jinn/Obi-Wan Kenobi,Qui-Gon Jinn & Obi-Wan KenobiQui-Gon Jinn,Obi-Wan Kenobia story about how Obi-Wan Kenobi became Ben Kenobi
superficialspacecadet,nanThe Mandalorian - Character,Din Djarin,Reader
ArtGremlin,nanOmega (Star Wars: The Bad Batch),Wrecker (Star Wars: The Bad Batch),Hunter (Star Wars: The Bad Batch)
avid_audience,Baby Yoda,Din Djarin & Grogu ,Din Djarin & Cara Dune
Darth_Chewbacca,nanDarth Vader,Luke Skywalker,Leia Organa
Gore_Hound,Febuwhump 2023,Whump,Angst
thisisnotthepseudyourelookingfor,Boba Fett & Luke Skywalker,Boba Fett & Beru Whitesun & Owen Lars,Owen Lars & Luke Skywalker & Beru WhitesunBoba Fett
WingsandRings,Anakin Skywalker ,Darth Vader,Darth Vader & Luke Skywalker
Hedincool,Obi-Wan Kenobi & Anakin Skywalker,Anakin Skywalker & Ahsoka Tano,Obi-Wan Kenobi & Ahsoka TanoMace Windu
HadesGhost,Barnes,Kenny McCormick,Eleventh Doctor
StarxRox,Obi-Wan Kenobi & Jaster MereelObi-Wan Kenobi,Jaster Mereel,silas (mentioned)
ZanaZoola14,CC-2224 ,CC-5052 ,CC-1010 
themorgue,Din Djarin/Luke SkywalkerDin Djarin,Luke Skywalker,Grogu 
SallyPejr,Qui-Gon Jinn & Obi-Wan Kenobi,Dooku & Obi-Wan Kenobi,Obi-Wan Kenobi & Jaster MereelObi-Wan Kenobi
jessicas_pi,Leia Organa,Cal Kestis,Obi-Wan Kenobi
scribbledpapermp3,Cassian Andor/K-2SOCassian Andor,K-2SO (Star Wars)Fanart,retrofuture
ShortDrummer2,Kagari,C-3PO (Star Wars),Diana Cavendish
purplefangirl42,nanOriginal Clone Character(s),Original Characters,Howzer (Star Wars)Found Family
LibraryMage,Ezra Bridger & Kanan JarrusEzra Bridger,Kanan JarrusAlternate Universe,Order 66 Didn't Happen (Star Wars)
StarcruiserScribe,Gaya & Ouanii (Star Wars),Raithe Kole & Ouanii (Star Wars)Ouanii (Star Wars),Raithe Kole
DaughterofHalt,CT-7567 ,Rex/Original Jedi Character(s)Captain Rex (Clone Wars),Original Jedi Character(s) (Star Wars)
purple_ant,Sifo-Dyas (Star Wars),Dooku/Sifo-Dyas (Star Wars)Dooku (Star Wars),Original CharactersOne Shot
writer_rach,Hunter (Star Wars: The Bad Batch)/Reader,Hunter (Star Wars: The Bad Batch)/Original Female Character(s)Hunter (Star Wars: The Bad Batch),Omega (Star Wars: The Bad Batch)
geodax,Obi-Wan Kenobi/Bail OrganaObi-Wan Kenobi,Bail OrganaFluff,Qui-Gon Jinn & Obi-Wan KenobiObi-Wan Kenobi
Pulchra_somnium,CC-2224 ,Cody,Boba Fett
madame_alexandra,Leia Organa/Han SoloHan Solo,Leia Organa,Parenthood
slenderboo,CT-9904 ,Crosshair & Omega (Star Wars: The Bad Batch)Crosshair (Star Wars: The Bad Batch),Omega (Star Wars: The Bad Batch)Fluff
AnidalaDefender,Padmé Amidala/Anakin SkywalkerPadmé Amidala,Anakin SkywalkerLove,Fluff
Lailuva,Baby Yoda,Grogu ,Female Bounty Hunter/Torian Cadera
TheHighRepublicBrainrot,Cohmac Vitus,I'm Bad At Tagging,english isn't my mother tounge so go easy on me regarding grammar and stuff
SilverDaye,Anakin Skywalker ,Darth Vader,Luke Skywalker & Darth Vader
wildimaginingsofhalfbakedideas,Time Travel Fix-It,Age Regression/De-Aging,The Force Loves Obi-Wan Kenobi
gffa,nanObi-Wan Kenobi,Yoda (Star Wars),Qui-Gon Jinn
mir2099,Orrelios,Alexsandr Kallus,C1-10P 
Majure,Canderous Ordo/RevanCanderous Ordo,Revan (Star Wars)Revan uses they/them,revan isnt dark necessarily but they are on some lowkey freak shit
cofax,nanLuke Skywalker,Ahsoka Tano,Leia Organa
ItDoesntmatt3r,Din Djarin & Paz VizslaGrogu ,Baby Yoda,Din Djarin
LucienAn,Obi-Wan Kenobi/Anakin Skywalker,Padmé Amidala/SabénanDivorce,they hate each other
alex_tyler,Obi-Wan Kenobi/SabéObi-Wan Kenobi,Sabé (Star Wars),Darth VaderReminiscing
tessiete,Qui-Gon Jinn & Obi-Wan Kenobi,Obi-Wan Kenobi & Korkie Kryze,Qui-Gon Jinn & Korkie Kryze
July_Fork,Leia Organa & Luke Skywalker,Leia Organa & Darth VaderLuke Skywalker,Leia Organa
fnlrpa,in star wars,No Gundams,Action/Adventure
The_RavenclawJedi,Luke Skywalker & Darth VaderAnakin Skywalker ,Darth Vader,Luke Skywalker
1f_this_be_madness,Qui-Gon Jinn & Obi-Wan Kenobi,Obi-Wan Kenobi & Anakin Skywalker,Obi-Wan Kenobi & Luke Skywalker
KateMaxwell,nannanShort Chapters,Alternate Universe - Canon Divergence,Other Additional Tags to Be Added
GalaxyDragon101,Ben Skywalker (Star Wars Legends) & Luke Skywalker,Mara Jade & Ben Skywalker (Star Wars Legends),Obi-Wan Kenobi & Ben Skywalker (Star Wars Legends)
Vode_an_Thrawn,Sheev Palpatine ,Anakin Skywalker & Mace Windu,Alphonse Elric & Edward Elric
Catznetsov,nanOmega (Star Wars: The Bad Batch),CT-21-0408 ,CT-1409 
DragonflyonBreak,Luke Skywalker & Darth VaderLuke Skywalker,Anakin Skywalker ,Hurt/Comfort
WillDreamer,nannanDogfight - Freeform,Space Battles,Family
Rosewolf24,CT-1409 ,Clone Force 99 ,CT-21-0408 
EmperorNorton150,Wilhuff Tarkin & Darth Vader,Sheev Palpatine & Wilhuff Tarkin,Wilhuff Tarkin & Leia OrganaWilhuff Tarkin
WTF Kylux and Co 2023 (Our_Own_Star_Wars),WTF Kombat 2023,Fanart,Digital Art
djarinheart,CT-1409 ,CT-21-0408 ,Echo/Reader
iammyownsaviour (ant1hero),Fluffuary ,Tumblr Prompt,Femslash February
Siderea,Obi-Wan Kenobi & Anakin SkywalkerObi-Wan KenobiFebuwhump 2023,Post-Rako Hardeen Arc (Star Wars: Clone Wars),Obi-Wan Kenobi/Jaster MereelObi-Wan Kenobi
Anna_Voralberg,WTF All Space 2023,WTF Kombat 2023,Don't copy to another site
Firecadet,Anakin Skywalker & Ahsoka Tano,Padmé Amidala/Anakin Skywalker,Obi-Wan Kenobi & Anakin Skywalker & Ahsoka Tano
goldleaf1066,CC-2224 ,Cody/Obi-Wan KenobiCC-2224 ,Cody
WTF DinCobb 2023 (WTF_DinCobb_2023),WTF ,Fanart,Digital Art
Blue_Sunshine,Tumblr Prompt,Ficlet,Obi-Wan Kenobi
WTF Galactic Empire 2023 (Team_Galactic_Empire),WTF ,Winter Temporary Fandom Kombat 2023,nanAnakin Skywalker 
Shadowmatic,CC-2224 ,Cody,Cody/Obi-Wan KenobiCC-2224 
batz_in_blue,CC-2224 ,Cody/Obi-Wan KenobiCC-2224 ,Cody
thirties (CharlesAndCo),Anakin Skywalker,Qui-Gon Jinn,Alternate Universe - Canon Divergence
velonica07,Armitage Hux/Kylo RenBilly Johnson (Run TV 2020),Charlie BarberCrossovers & Fandom Fusions
TheAngstHaze (CelestialPaperHaze),Syril Karn & Dedra Meero,Syril Karn/Dedra MeeroSyril Karn,Dedra Meero
loreall,Kylo Ren,Rey/Ben Solo ,Alternate Universe - Modern Setting
aconglish,nanCC-2224 ,Cody,Clone Trooper Jester (Star Wars)
romanticinpanic,Leia Organa & Anakin Skywalker,Leia Organa & Darth Vader,Padmé Amidala & Leia Organa
QueenVixen,Rey/Ben Solo ,Kylo RenBen Solo,Finn (Star Wars)
IsolatedPhenomenon,Obi-Wan Kenobi & Anakin Skywalker,Obi-Wan Kenobi & Shmi Skywalker,Obi-Wan Kenobi & Anakin Skywalker & Shmi SkywalkerObi-Wan Kenobi
Toska (toskaache),Rey/Ben Solo ,Kylo Ren,Rey/Ben Solo
Rain_cloudsx,Angst,Ezra Bridger Needs a Hug,Ficlet
Ko_te,Ahsoka Tano,Luke Skywalker & Original Character(s),Din Djarin/Luke Skywalker
Garce,Din Djarin/Luke SkywalkerLuke Skywalker,Grogu ,Baby Yoda
honeydjarin,ARC-5555 ,CT-27-5555 ,CT-7567 
jacqueen,Din Djarin/ReaderDin Djarin,ReaderFemale Reader,Reader-Insert
wanderingjedihistorian (RangerJedi67),CC-2224 ,Cody,Obi-Wan Kenobi
Siriusblackisgreat,nanYoung Boba Fett - Character,Boba Fett,Kal Skirata
WTF Moon Knight 2023 (Marvel_Fandom),nanPoe Dameron,Finn (Star Wars),Leia Organa
ACKenobi11,CC-2224 ,Cody,Protective Obi-Wan Kenobi
Binny_chicken,How Do I Tag,nanCoruscant Guard Trooper Hound (Star Wars),CC-1010 
little_dumpling,nanObi-Wan Kenobi,Original Child Character(s)Digital Art,Big Bang Art
Multifiiction,Din Djarin/Reader,Din Djarin/You,Din Djarin & Reader
LoveHurts,Tay Kolma,Mon Mothma,Perrin Fertha
Legogirl22,CC-2224 ,Cody,Cody/Obi-Wan KenobiCC-2224 
Cerulean_Phoenix7,Implied Mon Mothma/Tay KolmaMon Mothma,Perrin Fertha,Tay Kolma (mentioned)Drama
Lord_Adrian_Richter,MonsterVerse),Barnes,Steve Rogers
Obscure Fanfiction Series (RichardGraysonPercyJackson),Leia Organa & Luke Skywalker,Leia Organa & Han Solo,Leia Organa & R2-D2
Wonder_xoxo,CT-7567 ,Rex,Fluff
outpastthemoat,Qui-Gon Jinn/Tahl (Star Wars),Padmé Amidala/Obi-Wan Kenobi,Katara/Zuko (Avatar)
craziest_in_the_guild,CT-7567 ,Rex/Ahsoka TanoCT-7567 ,Rex
beantown,Kylo Ren/ReyKylo Ren,Rey (Star Wars)Translation,I've only been studying Old English for two months so bare with me
stuffilikeiwrite,Darth Vader,CT-7567 ,Ahsoka Tano & Darth Vader
String_of_Silka,CT-7567 ,Rex/Ahsoka TanoCT-7567 ,Rex
eloquentmoon,Darth Maul/Reader,Darth Maul & ReaderDarth MaulNon-Sexual Intimacy,soft
immolationfox,Poe Dameron/Original Character(s),Poe Dameron & Original Child Character(s)Poe Dameron,Original Characters
evergreen_fields,nanFemale Smuggler (Star Wars),Various Background CharactersCanon-Typical Violence,POV Third Person
eyelessfaces,Poe Dameron/ReaderPoe Dameron,ReaderAlcohol,Implied/Referenced Cheating
AshesGleamandGlow,nanObi-Wan Kenobi,Ahsoka Tano,CT-7567 
WesternWitch,nanObi-Wan Kenobi,Anakin Skywalker,Padmé Amidala
starkskypines,CT-7567 ,Leia Organa,Tala Durith & Obi-Wan Kenobi
logarhythms,CT-1409 ,Crosshair & Omega (Star Wars: The Bad Batch),Clone Force 99 
DiplomaticPrincess,Leia Organa/Han Solo,Pre-Star Wars: The Empire Strikes Back,Planet Hoth (Star Wars)
RosePointe,Clone Force 99 ,Bad Batch & Domino Squad,Cutup & Droidbait & Echo & Fives & Hevy (Star Wars)
AulaCicero,Obi-Wan Kenobi & Anakin Skywalker,Obi-Wan Kenobi & Luke SkywalkerObi-Wan Kenobi,Anakin Skywalker
hexedmaiden,Din Djarin/Cobb VanthDin Djarin,Cobb VanthAlternate Universe - Modern Setting,Established Relationship
Cloudylads65,Cody,CC-2224 ,No Romantic Relationship(s)
CT7509,Din Djarin & ReaderDin Djarin,Gender Neutral Reader - Character,Grogu
kaydear (Illyria_Lives),Brother-Sister Relationships,Sibling Bonding,Omega & Tech (Star Wars: The Bad Batch)Omega (Star Wars: The Bad Batch)
cyberdrew (bottledthirium),CT-9904 ,Crosshair/Reader,Crosshair/Jedi CharactersCrosshair (Star Wars: The Bad Batch)
AmericanLeader1776,nannannan
Audrina1125,CT-21-0408 ,CT-1409 ,CT-9904 
agoldengalaxy,Omega & Tech (Star Wars: The Bad Batch),Hunter & Tech (Star Wars: The Bad Batch)Tech (Star Wars: The Bad Batch),Hunter (Star Wars: The Bad Batch)
TripMcNeill,nanCC-2224 ,Cody,Obi-Wan Kenobi
DeusExValerate,Rooper Nitani & Silandra ShoRooper Nitani,Silandra Sho,Maliq (Star Wars)
SWNeedsMoreJoy,nanPlo Koon,Original Jedi Character(s) (Star Wars)Fluff,Cute
Axolotl_Supremacy,OrreliosFluff,Married Kanan Jarrus/Hera Syndulla,Space Family (Star Wars: Rebels)
Drabbles_Of_Writing,Luke Skywalker & Ahsoka Tano,Cere Junda & Cal Kestis,Luke Skywalker & Quinlan Vos
Sharkeys_Dume,Hera Syndulla,Kanan Jarrus/Hera SyndullaKanan Jarrus,Ahsoka TanoPre-Star Wars: Rebels
Roselightfairy,Qui-Gon Jinn/Obi-Wan Kenobi,Qui-Gon Jinn & Obi-Wan KenobiObi-Wan Kenobi,Qui-Gon JinnTeacher-Student Relationship
codgamerdude01,nanElayna Corvet,Jaycob Flesio,Layne Cilton
Vatukka,Clone Trooper Boil/Clone Trooper Waxer (Star Wars)Clone Trooper Boil (Star Wars),Clone Trooper Waxer (Star Wars)First Kiss,Getting Together
Gilbird14,Din Djarin/Cobb VanthDin Djarin,Cobb Vanth,Grogu 
EAVanGeek,nannanMandalorian Culture (Star Wars),Mandalorians (Star Wars)
meg_writes_fic,nanCT-6116 ,Kix,Bore (Soft Wars)
Zoa,Rey/Ben Solo ,Kylo Ren,Rey/Ben SoloRey (Star Wars)
Casta_Y (Casta_X),Leia Organa/Han SoloLeia OrganaDivorce
Upsetapplecart,CC-2224 ,Cody & Obi-Wan KenobiObi-Wan Kenobi,Cody
Melli3256,Obi-Wan Kenobi/Anakin SkywalkerObi-Wan Kenobi,Anakin SkywalkerEmotional Hurt/Comfort,Hurt Obi-Wan Kenobi
DEaTh220467,Obi-Wan Kenobi/Satine Kryze,Obi-Wan Kenobi & Anakin Skywalker,Korkie Kryze & Satine Kryze
Marbled Polecat (MarbledPolecat),Clone Trooper Boil/Clone Trooper Waxer (Star Wars)Clone Trooper Waxer (Star Wars),Clone Trooper Boil (Star Wars)Fanart,Art
punkascas (earlwyn),CC-2224 ,Cody/Obi-Wan KenobiCC-2224 ,Cody
celinamarniss,Din Djarin/Mara Jade/Luke Skywalker,Din Djarin/Luke Skywalker,Din Djarin/Mara Jade
shadowsong26,Padmé Amidalanan,Padmé Amidala/Obi-Wan Kenobi/Anakin SkywalkerAnakin Skywalker,Obi-Wan Kenobi
Sagemaster,nanChakotay (Star Trek),Tom Paris,B'Elanna Torres
Robinz,Orrelios,Workaholic Alexsandr Kallus,Fluff
beeepis,nanDin Djarin,Satine Kryze,Bo-Katan Kryze
Spitbruise,Boba Fett & Original Child Character(s)Boba Fett,Original Characters,Twi'lek Characters (Star Wars)
therottingdeviance,Din Djarin/Luke SkywalkerDin Djarin,Luke Skywalker,Grogu 
flightofwonder,Din Djarin & Grogu ,Grogu ,Baby YodaDin Djarin
Beavisworld,Obi-Wan Kenobi & Anakin Skywalker,Padmé Amidala/Anakin SkywalkerObi-Wan Kenobi,Anakin Skywalker
Willofhounds,The Jedi Exile/KavarVrook Lamar,Kavar (Star Wars),Female Revan (Star Wars)
mistbornhero,Podfic,Leia Organa/Han Solo,Leia Organa/Luke Skywalker
TroutSpots,ARC-5513 ,Locks/Urudyk Sa'azaARC-5513 ,Locks
ADGAEA,Orrelios,Kanan Jarrus,Restraints
illiterate,Reader-Insert,Originally Posted on Tumblr,Not Proofread
CallMe_XO,CT-1409 ,Crosshair & CT-21-0408 ,Echo & Hunter & Omega & Tech & Wrecker (Star Wars: The Bad Batch)
ladyofnightmaresandheartache,Mandalorian & The Asset,Mandalorian & Baby Yoda,Din Djarin & The Asset
Arnis,Dooku (Star Wars)/Original Female Character(s),Dooku & Qui-Gon Jinn,Dooku & Sifo-Dyas (Star Wars)
Coruscant_Senate_Building,CC-1010 ,Fox,CC-2224 
AndrogyneBard,Ponds,CC-2224 ,Plo Koon/Mace Windu/CC-6454 
kbirb,Fluffuary ,Fluffy February 2023,Fluff
idrilhadhafang,Ben Solo ,Fluff,Solo Family Feelings (Star Wars)
GoLBPodfics (GodOfLaundryBaskets),Podfic,Obi-Wan Kenobi/Owen Lars/Beru WhitesunObi-Wan Kenobi,Beru Whitesun
Peppermint_Shamrock,nanSheev Palpatine ,Darth Sidious,Anakin Skywalker 
empstrikesback,Flashbacks,Leia Organa/Han SoloLeia Organa,Han Solo
Wolf55cold15,Obi-Wan Kenobi/Anakin SkywalkerObi-Wan Kenobi,Anakin Skywalker,Mace Windu
Casta_X,Rand (one sided),Bao-Dur & The Jedi Exile,The Jedi Exile & KreiaBrianna 
TheIkariWarrior1,nanMonkey D. Luffy,Michael Morbius,Roronoa Zoro
mytimeconsumingsidehobby,nanObi-Wan Kenobi,Quinlan Vos,Bant Eerin
AberrantRen,Rey/Ben Solo,Rey/Ben Solo ,Kylo RenBen Solo
ImachildofApolloEverLarkSnickettTriangle,Kanan Jarrus/Hera SyndullaHera Syndulla,Kanan Jarrus,C1-10P 
Dr_Roslin,Kylo Ren,Rey/Ben Solo ,Rey & Rose Tico
AnnAntilles,Obi-Wan/Heliana RauObi-Wan Kenobi,Heliana RauAU,Original Character(s)
CleverMird,nanFemale Jedi Consular ,Barsen'thor,Syo Bakarn
QuickSilverFox3,Pre-Relationship,Din Djarin/Boba FettDin Djarin,BobaDin AU Bingo
InsertSthMeaningful,Cassian Andor/Brasso the Ferrixian,Cassian Andor & Brasso the FerrixianBrasso the Ferrixian (Star Wars),Cassian AndorPre-Canon
Qulrik,CT-7567 ,CC-2224 ,Darth Vader
fandumbug,Wrecker (Star Wars: The Bad Batch)/Reader,Din Djarin/ReaderWrecker (Star Wars: The Bad Batch),Din DjarinFluff
MCU_Supersoldiers_Etc,CC-2224 ,Cody/Obi-Wan KenobiCC-2224 ,Cody
iveneverbeentothestars,nanClone Troopers (Star Wars),CC-1010 ,Fox
AutumnWoodsDreamer,Friendship,Hurt/Comfort,nanDin Djarin
CactusLoverPDX,Hunter & Omega (Star Wars: The Bad Batch)Hunter (Star Wars: The Bad Batch),Omega (Star Wars: The Bad Batch)Valentine's Day,Qui-Gon Jinn & Obi-Wan Kenobi
Ramona_Flours,Din Djarin/ReaderDin Djarin,You,ReaderFluff
thtdrm,Kylo Ren,Rey/Ben Solo ,Rey/Ben Solo
MommyMayI,Padmé Amidala/Anakin Skywalker,Sheev Palpatine & Anakin SkywalkerAnakin Skywalker,Padmé Amidala
too_obsessed_with_everything,CC-2224 ,Obi-Wan Kenobi & Anakin Skywalker,Obi-Wan Kenobi & Anakin Skywalker & Ahsoka Tano
Xie_Ice,nanKyber Chrystal,POV Original Female Character,Found Family
darknesssfriend0,Ellie & Joel (The Last of Us),James & JoelPedro Pascal,Joel (The Last of Us)
korechthonia,Podfic,Cody,Padmé Amidala/Jango Fett/Obi-Wan Kenobi
marilaw,nanAinyam Durn,Bail Organa,Head Advisor Rolla Truen
Seasider,Luke Skywalker,Darth Vader,CT-7567 
tyoushiro,Qui-Gon Jinn & Obi-Wan KenobiObi-Wan Kenobi,Qui-Gon Jinn,Xanatos (Star Wars)colorblind!ForceSensitives
SariahRomero,Orrelios,C1-10P ,ChopperViajes en el tiempo
ineedausername1829,Padmé Amidala/Anakin SkywalkerLeia Organa,Luke Skywalker,Jobal Naberrie
ShawnArms,Obi-Wan Kenobi/Anakin Skywalker,Obi-Wan Kenobi & Anakin SkywalkerAnakin Skywalker,Obi-Wan KenobiCanon Divergence - Star Wars: Attack of the Clones
SerGate,Jango Fett & Jaster Mereel,Jango Fett & Original Character(s),Boba Fett & Jango FettJango Fett
Spencersomega,CC-2224 ,Cody/Obi-Wan KenobiObi-Wan Kenobi,Cody
silveryink,CC-2224 ,Cody,Boga the Varactyl & CC-2224 
Ruuger,Din Djarin & Grogu ,Baby YodaDin Djarin,Grogu 
hinder (heilige_bos),Baby Yoda,Grogu ,Din Djarin & Grogu 
Guinevak,Din Djarin & Grogu ,Baby YodaDin Djarin,Grogu 
BubbleBakerPenguinPie,Cassian Andor's Sister,Cassian Andor & Kerri ,Cassian Andor/Jyn ErsoKerri 
ghostmist,CT-1409 ,CT-21-0408 ,Alternate Universe - Modern Setting
Aphantomfool,nanAnakin Skywalker,Obi-Wan KenobiAnakin Skywalker Needs a Hug,Anakin Skywalker Has Issues
DottieSnark_DrabbleNights (DottieSnark),Kylo Ren,Rey & Ben Solo ,Rey/Ben Solo 
Chausie,Kylo Ren,Essays,Tumblr Prompt
blabbyshark,Leia Organa/Han SolonanSlice of Life,Fluff,Domestic
Sees_writes,CT-5597 ,CT-7567 ,Jesse & Ahsoka Tano
thereturnofthecat,Kylo Ren,Rey/Ben Solo ,Rey & Ben Solo 
countessofbiscuit,CC-1010 ,Riyo Chuchi/CC-1010 ,FoxRiyo Chuchi
Zearay,Din Djarin/Luke SkywalkerLuke Skywalker,Din Djarin,Grogu 
Northland,Din Djarin & Grogu ,Baby YodaDin Djarin,Grogu 
hulkling616,Drabble,Poe Dameron & Leia OrganaPoe Dameron,Leia OrganaPOV Poe Dameron
incognitajones,Maarva Andor & Cassian AndorCassian Andor,Maarva AndorPlanet Ferrix (Star Wars),The Daughters of Ferrix (Star Wars)
TheRealJeanGenie,Kylo Ren,Young Ben Solo,Rey/Ben Solo 
CollisionTheory,nanEli VantoPOV First Person,Alternate Universe - Canon Divergence,Star Wars Galactic Empire Era
ExtraPenguin,nanFemale Jedi Consular ,Barsen'thorFanvids,Anakin Skywalker & Mace WinduMace Windu
facassie,Din Djarin & Grogu ,Baby Yoda,Din Djarin/Luke Skywalker
cchascona,Cassian Andor & Ruescott Melshi,Cassian Andor/Jyn Erso,Jyn Erso & Ruescott MelshinanAlternate Universe - Everyone Lives/Nobody Dies
Its_Jaz_Music_Writing,Brill,CC-6037 ,Dayne Na'Haren & On'Era Baize
CCA03,Obi-Wan Kenobi & Anakin Skywalker,Obi-Wan Kenobi & Anakin Skywalker & Ahsoka TanoAnakin Skywalker,Obi-Wan Kenobi
Robyn_Runestone,Cere Junda & Cal Kestis,Cal Kestis & The Mantis CrewCal Kestis,BD-1 (Star Wars)
Longlivetheclones (SavetheClones),CC-2224 ,Cody & Obi-Wan KenobiCaptain Rex,Clone Trooper Medic Characters (Star Wars)
JeezusBeezus (BeezusLovesPorgs),Kylo Ren,Rey/Ben Solo ,Rey/Kylo Ren/Ben Solo
EricaHouse,nanCrosshair (Star Wars: The Bad Batch),Hunter (Star Wars: The Bad Batch)Fanart,Art
dutchy0412,Ezra Bridger/Sabine WrenEzra Bridger,Hera Syndulla,Sabine WrenFriends to Lovers
Annabelle3606,Sheev Palpatine ,Padmé Amidala/Anakin Skywalker,Obi-Wan Kenobi & Anakin Skywalker
JediMasterBailey,Obi-Wan Kenobi/Luminara UnduliObi-Wan Kenobi,Luminara Undulinan
stiltsrosko,Febuwhump 2023,Ezra Bridger Needs a Hug,Orrelios
Have_a_great_day_please,CT-27-5555 ,ARC-5555 ,Anakin Skywalker & Ahsoka Tano
keepyourbadvibesoutofmycornflakes,Padmé Amidala/Anakin SkywalkerPadmé Amidala,Anakin Skywalkeranidala week 2023,Day 4
S_C_G,CC-2224 ,Cody,Obi-Wan Kenobi
val_aquenta,Obi-Wan Kenobi & Original Character(s),Depa Billaba & Mace Windu,Obi-Wan Kenobi & Anakin Skywalker
FawnFiction_Ao3,Alek ,Darth Malak & Revan,HK-47 & Revan (Star Wars)Revan (Star Wars)
Nation_Ustria,CC-1010 ,Cal Kestis & Ahsoka Tano,BD-1 & Cal Kestis
flying_kanery,Kanan Jarrus/Hera Syndulla,Kanan Jarrus & Hera SyndullaKanan Jarrus,Kanan Jarrus Loves Hera Syndulla
TylrLoki,Luke Skywalker & Darth VaderLuke Skywalker,Anakin Skywalker ,Darth Vader
Serial,CT-21-0408 ,CT-1409 ,Hunter & Omega (Star Wars: The Bad Batch)
SolarisCrescent,Luke Skywalker/Original Character(s)Luke Skywalker,Original Jedi Character(s) (Star Wars),Esril VakalHealing from Trauma
CT_62585,nanOriginal Characters,Original Mandalorian Characters (Star Wars)nan
pixie_rings,Din Djarin/Luke SkywalkerDin Djarin,Luke Skywalker,Grogu 
badbatchstan,Hunter & Omega (Star Wars: The Bad Batch),Omega & Tech (Star Wars: The Bad Batch),Hunter & Omega & Tech & Wrecker (Star Wars: The Bad Batch)Hunter (Star Wars: The Bad Batch)
random_writer_101,Boba Fett/Cal Kestis,Merrin/Trilla Suduri ,Second SisterCal Kestis
Tomoe_Akatsuki,Cassian Andor & Jyn Erso,Cassian Andor & Luthen RaelCassian Andor,Jyn Erso
anikinandpadme,Ezra Bridger/Sabine Wren,Ezra Bridger & Kanan Jarrus,Ezra Bridger & Hera Syndulla
TemporaryUniverse,Qui-Gon Jinn & Obi-Wan KenobiObi-Wan Kenobi,Qui-Gon Jinn,Bruck Chun (Mentioned)Emotional Hurt/Comfort
cryptid_moon,Cad Bane & Reader,Cad Bane/Obi-Wan KenobiCad Bane,ReaderReader-Insert
evanui,Introspection,nanNaboo Royal Handmaiden Characters3 Sentence Ficathon,Planet Naboo (Star Wars)
ForFangirls,Din Djarin/Luke SkywalkerGrogu ,Baby Yodanan
that_dude_alex99,CC-2224 ,Cody,Obi-Wan Kenobi
Nelltbe,Ezra Bridger/Sabine WrenEzra Bridger,Sabine Wren5 + 1 Fic,Jealous Sabine Wren
Ameera_Mae_Laramie,OrreliosZeb is sick,being sick,having a cold
LowTide1322,Anakin Skywalker & Reader,Obi-Wan Kenobi & ReaderReader,Anakin Skywalker
HamAndPineapple304,Hunter & Omega & Tech & Wrecker (Star Wars: The Bad Batch)Omega (Star Wars: The Bad Batch)Can’t find other character tags LOL,Random - Freeform,i live for the angst
Lizartgurl,Omega & Wrecker (Star Wars: The Bad Batch)Omega (Star Wars: The Bad Batch),Wrecker (Star Wars: The Bad Batch)Nightmares,Order 66 (Star Wars)
icandrawamoth,nanTycho Celchu,Rogue Squadron - Characterset early in the first X-wing book,Teaching
Silvercyclops,February Ficlet Challenge,Fluff,Tycho Celchu/Winter CelchuTycho Celchu
EMPRES5 (giudicelli),C-3PO (Star Wars)/ReaderReader,C-3PO (Star Wars),R2-D2 (Star Wars)
Rangerfan58,nannannan
DrHuggles_j,Armitage Hux/Kylo RenArmitage Hux,Kylo Ren,Phasma (Star Wars)Genderbending
morriganbia,Alpha-17/Feemor (Star Wars)Feemor (Star Wars),Alpha-17 (Star Wars)Digital Art,Meme
YaoYaoSha,Dooku ,Darth Tyranus,Dooku & Sifo-Dyas (Star Wars)
irond0rkness,Obi-Wan Kenobi & Anakin SkywalkerObi-Wan Kenobi,Anakin SkywalkerPadawan Anakin Skywalker,Young Anakin Skywalker
steampunkunicorn,Obi-Wan Kenobi/Anakin Skywalker,Anakin Skywalker & Ahsoka Tano,Qui-Gon Jinn & Obi-Wan KenobiAnakin Skywalker
geminiofpluto,CT-1409 ,CT-21-0408 ,Echo & Wrecker (Star Wars: The Bad Batch)
KyuremKing,nanLuke Skywalker,Fay (Star Wars),The Force (Star Wars)
nephilimswitchlight,CT-1409 ,ARC-5555 ,Fives
Optimistique,CT-21-0408 ,CT-1409 ,Tech (Star Wars: The Bad Batch)
epicmusic42,nanQui-Gon Jinn,Mace Windu,Original Mandalorian Characters (Star Wars)Qui-Gon Jinn is a Good Jedi Master
MinaTheSkywalker,Loneozner,Windy (Star Wars),Deak (Star Wars: Original Trilogy)nan
Maeve_of_Winter,Obi-Wan Kenobi & Anakin Skywalker,Obi-Wan Kenobi & Ahsoka Tano,Obi-Wan Kenobi & Anakin Skywalker & Ahsoka Tano
Mouseyear,Alma Madrigal,Dolores Madrigal,Luke Skywalker
LuvEwan,Qui-Gon Jinn & Obi-Wan KenobiQui-Gon Jinn,Obi-Wan KenobiOne Shot,Drama
Pily,CT-21-0408 ,CT-1409 ,Hunter & Omega (Star Wars: The Bad Batch)
PsychedelicCowgirl,CT-1409 ,Echo,CT-21-0408 
Redting,Hazel Levesque/Frank ZhangLeo Valdez,Frank Zhang(Alternate name),Hazel Levesque
ReconstructWriter,Eeth Koth/Mace Windu (Referenced)Mace Windu,Yaddle,Jocasta Nu
notyouraveragesofia,Cassian Andor/Jyn ErsoCassian Andor,One Shot,Jyn Erso
snowshus,Mon Mothma & Luthen RaelMon Mothma,Luthen Rael,Kleya Markinan
daisiechain,CC-2224 ,CT-7567 ,Rex/Original Character(s)
LadySongmaster,Fox Naasade & Clone Cadets,Fox Naasade & Kal SkirataCC-1010 ,Fox
Lena_Hills,C1-10P ,Kanan Jarrus/Hera Syndulla,Kanan Jarrus & Jacen Syndulla
eclipsed_aurelia,nanHunter (Star Wars: The Bad Batch),Wrecker (Star Wars: The Bad Batch),Omega (Star Wars: The Bad Batch)
Panic_CelestialInk,Baby Yoda,Grogu ,Din Djarin & Grogu 
itsinthestars,Rey/Ben Solo ,Kylo RenRey (Star Wars),Ben Solo 
amaroq,Maximilian Veers,Chewbacca,Han Solo
AlwaysEverlark,Rey/Ben Solo ,Kylo RenRey (Star Wars),Ben Solo 
dreaminghour,Amilyn Holdo/Leia OrganaAmilyn Holdo,Leia OrganaArguing,Established Relationship
ahsokathegray,CT-7567 ,Rex/Ahsoka Tano,Rex & Ahsoka Tano
Aristotle_410,,Din Djarin Needs a Hug,Good Parent Din Djarin
discopooltoy,Poe Dameron/FinnPoe Dameron,Finn (Star Wars)Short Story,poetry?
Garance,Poe Dameron/Armitage HuxArmitage Hux,Poe DameronFluff and Angst,Past Abuse
aundreathewriter,Obi-Wan Kenobi/Original Female Character(s)Obi-Wan Kenobi,Original Sith Character(s)Romance,Slow Burn
GuildofScribes,CC-2224 ,Cody & CT-7567 ,Rex
VenusAndVibes,CT-7567 ,Rex & Ahsoka Tano,Implied established rexanidalaCT-7567 
the_rain_on_kamino,Wrecker (Star Wars: The Bad Batch)/Reader,Wrecker (Star Wars: The Bad Batch) & ReaderWrecker (Star Wars: The Bad Batch),Reader
writingtoforgetreality,Din Djarin/Reader,Din Djarin/YouDin Djarin,Grogu 
Kiyoykin,WTF ,Winter Temporary Fandom Kombat 2023,Crafts
MapleWritesFanFiction101,Hunter & Omega (Star Wars: The Bad Batch),Omega & Tech (Star Wars: The Bad Batch),Omega & Wrecker (Star Wars: The Bad Batch)
nottheoneyouwant,CC-2224 ,Character Study,Cody & Luke Skywalker
papermachine,Rex,CT-7567 ,CC-2224 
NikkiRouse,Obi-Wan Kenobi & Quinlan Vos,Qui-Gon Jinn & Obi-Wan Kenobi,Obi-Wan Kenobi & Luminara Unduli
kittona,Obi-Wan Kenobi/Anakin SkywalkerObi-Wan Kenobi,Anakin SkywalkerAlternate Universe - Modern Setting,Dogs
TheOnlyLoveForSoujiroSeta,Kylo Ren,Finn/Kylo Ren,Finn/Ben Solo 
Nerd Things and Dragon Wings (NerdThings_and_DragonWings),ARC-5555 ,CT-21-0408 ,CT-1409 
canadadry_eyes,CC-2224 ,Cody,Sheev Palpatine 
gender_bender08,CT-7567 ,CT-21-0408 ,CT-1409 
Calacious,nanNameless Newbie Stormtrooper,Darth Vader,Stormtroopers
vodoley17,Sheev Palpatine/Mace WinduSheev Palpatine,Mace WinduHumor,Alternate Universe
stolen_pen_name23,Obi-Wan Kenobi & Anakin SkywalkerObi-Wan Kenobi,Obi-Wan Kenobi Needs a Hug,Angst
GriffinStone,No Romantic Relationship(s)CT-21-0408 ,CT-1409 ,Echo
LittleLorna,CT-7567 ,Rex/Ahsoka TanoCT-5597 ,Jesse
Lilibet,Qui-Gon Jinn/Obi-Wan KenobiQui-Gon Jinn,Obi-Wan Kenobi,Mace WinduAlternate Universe
azurethevampire,Baby Yoda,Din Djarin & Grogu ,Din Djarin & Original Child Character(s)Din Djarin
PoliticalPadmé (magnetgirl),nanFennec Shand,Boba FettDrabble,Character Study
Tiny_Coryne,CT-7567 ,Rex/Original Female Character(s),Forbidden Love
RensKnight18,nannannan
Jessepinwheel,Cody,nanCC-2224 ,Obi-Wan Kenobinan
OneStepShort,Clone Force 99 ,Bad Batch & Crosshair (Star Wars: Bad Batch),Crosshair & Hunter & Omega & Tech & Wrecker (Star Wars: The Bad Batch)Crosshair (Star Wars: The Bad Batch)
bobbimorselover33,beilert valance & beilert valance's father,Obi-Wan Kenobi & Anakin SkywalkerBeilert Valance,Beilert Valance's Father
Toucheholland23,nanOriginal Jedi Character(s) (Star Wars),Original Characters,Clone Cadets (Star Wars)
LacieFuyu,Obi-Wan Kenobi & Ahsoka TanoObi-Wan Kenobi,Ahsoka TanoPadawan Novel Reference (Star Wars),Obi-Wan Kenobi POV
MadMag,CC-2224 ,Cody/Obi-Wan KenobiCC-2224 ,Cody
Ibelin,Obi-Wan Kenobi & Anakin SkywalkerObi-Wan Kenobi,Anakin SkywalkerAngst,Emotional Hurt/Comfort
cyareclones,ARC-5513 ,Locks/Urudyk Sa'azaUrudyk Sa’aza,LocksUnresolved Romantic Tension
Rintama,nannanAction/Adventure,Romance,Science Fiction
Anna_Wing,Kylo Ren,Kylo Ren/Rey,Hux/VIctory for the First OrderBen Solo 
edgeofn1ght,Obi-Wan Kenobi/Anakin SkywalkerObi-Wan Kenobi,Anakin SkywalkerObikin Events' Bingo 2022,Alternate Universe - Modern Setting
dolphingirl16,Baby Yoda,Din Djarin/ReaderGrogu ,Din Djarin
always_a_slut_for_hc,CC-1010 ,Fox,Hurt/Comfort
Batsutousai,Feemor & Obi-Wan KenobiObi-Wan Kenobi,Feemor (Star Wars),Original Jedi Character(s) (Star Wars)
moose_misses_sweets,Din Djarin/Reader,Din Djarin/You,Din Djarin & Reader
Red_Yennifer,Wexley1940s,Alternate Universe - 1940s,1950s
Shortcuts_make_long_delays,CC-2224 ,Cody/Obi-Wan Kenobi,Clone Trooper Crys & Clone Trooper Wooley (Star Wars)
Avner_Varne,nanBastila Shan,Carth Onasi,Revan (Star Wars)
SuliuSaltfish,Obi-Wan Kenobi/Anakin SkywalkerObi-Wan Kenobi,Anakin Skywalker,Original Jedi Character(s) (Star Wars)Force Ghost Anakin Skywalker
Anime_lover2741,Wednesday Addams/Enid Sinclair,Bianca Barclay/Yoko Tanaka,Gomez Addams/Morticia Addams
Evadney,CT-6116 ,CT-7567 ,No Romantic Relationship(s)
NewCocoa,Leia Organa & Luke SkywalkerLuke Skywalker,Leia OrganaFluff,Songfic
Urlocalbisexualmess,NoneOriginal CharactersInspired by Fanfiction
too_many_sabers,CT-9904 ,Crosshair/Original Female Character(s),Crosshair/Original Character(s)
W0LF0NG,OrreliosThe Fulcrum Trio,Angst,Bittersweet
Raven6113,Kaeden Larte/Ahsoka Tano,Padmé Amidala/Anakin Skywalker,Anakin Skywalker & Ahsoka Tano
CactusInTheBin,nanVah'nya (Star Wars)Sad,I Wrote This Instead of Sleeping,Emotional Hurt/Comfort
Hufflypuffly,Din Djarin/ReaderDin Djarin,Reader,Star Wars - Freeform
RavenLilyRose,3SF,3 Sentence Ficathon 2023,Baby Yoda
300spartans,Padmé Amidala/Anakin Skywalker,Anakin Skywalker & Ahsoka Tano,Obi-Wan Kenobi & Ahsoka Tano
SpaceDisater,nanFemale Jedi Knight ,Hero of Tython,Female Bounty Hunter (Star Wars)
LordKura12,Anakin Skywalker & Luke SkywalkerAnakin Skywalker,Luke Skywalkernan
Darth_Zhaktus,Hero of Tython,nanFemale Jedi Knight ,Male Jedi Knight 
imsfire,Cassian Andor/Jyn ErsoCassian Andor,Jyn Erso,Maia (Star Wars: Rogue One)
whalebone,Jyn Erso & Lyra ErsoLyra Erso,Jyn ErsoPre-Canon,Mother-Daughter Relationship
theunacknowledged,Din Djarin & Grogu ,Baby YodaDin Djarin,Grogu 
Dinogirl123,CC-1010 ,Fox,Wolffe
Dronzer117,nanStar Wars EnsembleParody
dat_physics_boi,nanBorg Collective (Star Trek)headcanons,Hyperdrive - Freeform,warp drive
jedi_katalina,nanLuthen Raelnan
Catgurl23,CT-1409 ,Echo,nanCT-5597 
cobi240,nanRowan Freemaker,Kordi Freemaker,Zander Freemaker
lemonlimespine,nanTech (Star Wars: The Bad Batch),Crosshair (Star Wars: The Bad Batch),Wrecker (Star Wars: The Bad Batch)
montymisfit,Obi-Wan Kenobi/Anakin SkywalkerObi-Wan Kenobi,Anakin Skywalker,Ahsoka Tano (mentioned)Drabble
CrazySky,Obi-Wan Kenobi/Anakin Skywalker,Obi-Wan Kenobi & Anakin SkywalkerObi-Wan Kenobi,Anakin Skywalker
lenmii,Din Djarin/Original Character(s),Din Djarin/Original Male Character(s)Din Djarin,Grogu 
TSaan,nanOriginal Jedi Character(s) (Star Wars),Jedi Council (Star Wars),Original Clone Trooper Character(s) (Star Wars)
k3nvirtual,Clone Force 99 ,Crosshair & Hunter & Tech & Wrecker (Star Wars: The Bad Batch),Hunter & Tech (Star Wars: The Bad Batch)
Dezgate,Atsu Dontell,Hunter (Star Wars: The Bad Batch),CT-21-0408 
dieFabuliererin,nanTech (Star Wars: The Bad Batch),CT-21-0408 ,CT-1409 
HNWitt15,Obi-Wan Kenobi/Anakin Skywalkernannan
Kylos_Right_Nut,Kylo Ren,Kylo Ren/ReaderBen Solo ,Readerfairytale AU
mauvera,Qui-Gon Jinn & Obi-Wan Kenobi,Padmé Amidala & Obi-Wan Kenobi,Obi-Wan Kenobi & Mace Windu
Haven_Lights,Baby Yoda,Grogu ,Din Djarin/Cobb Vanth
RogueFlight,nanAnakin Skywalker,Ahsoka Tano,Obi-Wan Kenobi
visitbespin (janeseyre),OrreliosLight Angst,Emotional Hurt/Comfort,Road Trips
Kanoiverse,Yoda & Original Jedi Character(s),Ki-Adi-Mundi & Original Jedi Character(s),Jedi Master Character(s) & Jedi Padawan Character(s)
dinjdarin,Din Djarin/Luke SkywalkerDin Djarin,Luke Skywalkeri don’t think this is sad enough to be angst but . it’s not happy!,Luke Skywalker Needs A Hug
ItMeYaGril,Hermione Granger/Harry PotterHarry Potter,Hermione Granger,Ron WeasleyEvil Author Day 2023
v838monoceros,nanAnakin Skywalker ,Darth Vader,Firmus Piett
KeeperoftheCottage,Luke Skywalker/Han SoloLuke Skywalker,February Ficlet Challenge,Han Solo
imaginary_golux,Finn/Rey (Star Wars)Finn (Star Wars),Rey (Star Wars)Bodyswap,Force Bond (Star Wars)
SkywalkerandMarvelFan,Darth Vader/ReaderDarth Vader,Readernan
The_confused_writer,Baby Yoda,Din Djarin & Grogu ,Baby Yoda & Peli MottoDin Djarin
sleepy_catz,Omega & Tech (Star Wars: The Bad Batch)Omega (Star Wars: The Bad Batch),Tech (Star Wars: The Bad Batch)Hurt/Comfort,mostly comfort
RetiredHuman,Ezra Bridger/Vah'nya,Ephraim Bridger/Mira Bridger,Ephraim Bridger & Ezra Bridger & Mira BridgerEzra Bridger
Bralatine,Obi-Wan Kenobi,Obi-Wan Kenobi/Satine Kryze,Satine Kryze/Giddean Danu
kj_feybarn,Obi-Wan Kenobi & R2-D2,Boba Fett & Obi-Wan Kenobi,Boba Fett & R2-D2
Purplesauris,Star wars OC & Luke Skywalker,Star Wars OC & Din DJarinDin Djarin,Luke Skywalker
Star Princess (Artistic_Angel374),Baby Yoda,Din Djarin & Grogu ,Baby Yoda & Original Female Character(s)
mimi10131,Rex,Jesse,CT-27-5555 
swordstorm,Lana Beniko/Female Sith WarriorFemale Sith Warrior,Lana Benikoset during Shadow of Revan,in which anxiety continues to be a new emotion
Half_elf28,Carth Onasi/Female RevanRevan (Star Wars),Female Revan (Star Wars),Carth Onasi
Judge1964,CT-21-0408 ,CT-1409 ,Hunter & Omega (Star Wars: The Bad Batch)
BarbaraKaterina,Past Obi-Wan Kenobi/Satine Kryze - RelationshipObi-Wan Kenobi,Satine Kryze,Ahsoka Tano
vexbatch,CT-1409 ,ARC-5555 ,Jon Antilles/CT-21-0408 
menphina,CC-1010 ,Coruscant Guard & CC-1010 ,FoxCC-1010 
Wheeljacks_rear_bumper,Rey/Ben Solo ,Kylo RenRey (Star Wars),Ben Solo 
LLN3dseestheLight,Raoul Am/Katze,Iason Mink/Riki,Derek Hale/Stiles Stilinski
cakushi,Qui-Gon Jinn/Obi-Wan KenobiQui-Gon Jinn,Obi-Wan Kenobi,Dexter Jettster
spaceboytoy,CC-2224 ,Cody & Obi-Wan KenobiObi-Wan Kenobi,CodyHurt/Comfort
revelationinthelightofday,Sheev Palpatine ,Anakin Skywalker & Ahsoka Tano,Padmé Amidala/Anakin Skywalker
Leo_Rosa,Kylo Ren,Rey/Ben Solo ,Rey & Rose TicoRey (Star Wars)
consular,Female Bounty Hunter/Gault Rennow,Arcann/Female Jedi Knight ,Hero of Tython
mosteveryonesmad,Sirius Black/Remus Lupin,James Potter/Lily Evans Potter,Hermione Granger/Draco Malfoy
Jayden Braxton (writerxslamz),CT-7567 ,Rex/Original Female Character(s),Rex/ReaderCT-27-5555 
theslowestpoke,Armitage Hux/Kylo RenArmitage Hux,Ben Solo ,Kylo RenAmbiguous Relationships
Judeca,Din Djarin/Luke Skywalker,Leia Organa/Han SoloDin Djarin,Luke Skywalker
ReadingBlueWolf,nanCT-7567 ,Rex,CT-21-0408 
fgalaxy_0418,Obi-Wan Kenobi/Anakin Skywalker,Din Djarin/Luke SkywalkerAnakin Skywalker,Obi-Wan Kenobi
thehouseofblack,CT-7567 ,Rex/Anakin Skywalker,Anakin Skywalker & Ahsoka Tano
AhsokaHermioneGamgee,The Force,POV Third Person Limited,Balance in the Force (Star Wars)
r2peepoo,ARC-5555 ,CT-21-0408 ,CT-1409 
SnowOwl75692,Baby Yoda,Boba Fett,Fennec Shand
ManyCats,Obi-Wan Kenobi & Anakin SkywalkerAnakin Skywalker,Obi-Wan KenobiAge Regression/De-Aging,kind of
seascribble,Original Clone Trooper Character(s)/Original Clone Trooper Character(s) (Star Wars)Original Clone Trooper Character(s) (Star Wars)Snippet,First Kiss,Growing Up Together
Anomuran,Anakin Skywalker/Thrawn ,Mitth'raw'nuruodoAnakin Skywalker,Thrawn 
okaypianist,Rey/Ben Solo ,Kylo RenRey (Star Wars),Ben Solo 
eskaywai,Padmé Amidala/Anakin Skywalker,Obi-Wan Kenobi & Anakin Skywalker,Anakin Skywalker & Ahsoka Tano
JeskaGrace,No Romantic Relationship(s)Qui-Gon Jinn,Obi-Wan Kenobi,Anakin SkywalkerAlternate Universe - Canon Divergence
Gal (Gal_tic),Kylo Ren,Rey/Ben Solo ,Rey/Ben Solo
AozoraNoShita,Obi-Wan Kenobi/Anakin SkywalkerObi-Wan Kenobi,Anakin Skywalker,Shmi SkywalkerSoulmates
MidNightTiger,Dexter Jettster/Grievous ,Qymaen jai Sheelal/Obi-Wan KenobiDexter Jettster,Obi-Wan Kenobi
cerealgrain,CC-2224 ,Cody/Obi-Wan KenobiCC-2224 ,Cody
Black_Raine74,Hunter/Tech (Star Wars: The Bad Batch)Hunter (Star Wars: The Bad Batch),Tech (Star Wars: The Bad Batch)Fluff,Drinking
Skyrissian (ErinacchiLove),do not copy to another site,Lando Calrissian/Luke SkywalkerLuke Skywalker,Lando CalrissianEstablished Relationship
MaldicionDeLuna,Kylo Ren,Armitage Hux/Ben Solo ,Obi-Wan Kenobi/Anakin Skywalker
Briar_the_greyJedi,Anakin Skywalker/Original Female Character(s),Darth Maul/Original Female Character(s),Padmé Amidala/Anakin SkywalkerOriginal Female Character(s)
RevelInMagic,Crosshair (Star Wars: The Bad Batch)/Reader,Clone Force 99 ,Bad Batch/ReaderCrosshair (Star Wars: The Bad Batch)
Bispaceace,CT-1409 ,CT-21-0408 ,CT-9904 
Derpy_Potato,nannannan,Atreus & Ahsoka,Atreus & Kratos (God of War)
stargateinmybasement,nannanBredlik,i lik the bred,Meme
FloingMachines,Orrelios,Hera SyndullaAngst,Post-Canon
yomawari,CC-2224 ,Cody/Obi-Wan KenobiCC-2224 ,Cody
LRRH17,Kylo Ren,Rey/Ben Solo ,Ben Solo 
SotS,nanDooku (Star Wars)Alternate Universe - Canon Divergence,Force Visions (Star Wars),Jedi Master Dooku (Star Wars)
maragny,Obi-Wan Kenobi/Anakin Skywalker,Depa Billaba & Anakin Skywalker,Anakin Skywalker & Yoda
AGreekDemigod,CC-2224 ,Cody/Obi-Wan KenobiObi-Wan Kenobi,CodyAlternate Universe - Modern Setting
MBlair,Rey/Ben Solo ,Kylo RenRey (Star Wars),Ben Solo 
Shadaras,Jyn Erso & Saw GerreraJyn Erso,Saw GerreraTriple Drabble,Pre-Canon
Kay2Es0,Padmé Amidala/Anakin SkywalkerPadmé Amidala,Anakin Skywalker,Luke Skywalker
lucymonster,Rey/Ben Solo ,Kylo RenRey (Star Wars),Ben Solo 
ohtempora,Cassian Andor & Jyn ErsoCassian Andor,Jyn ErsoMissing Scene,Canon Compliant
Lionwingz,Anakin Skywalker & Ahsoka TanoAhsoka Tano,Anakin SkywalkerDramatic Irony,Mild Hurt/Comfort
Star_Wars_Jedi_Girl,Leia Organa/Han Solo,Leia Organa & Luke Skywalker,Nya/Jay WalkerLuke Skywalker
Sunshine_lollipops_and,Obi-Wan Kenobi,No Plot/Plotless,Obi-Wan Kenobi/Satine KryzeSatine Kryze
101places,Revan/Bastila Shan,Female Revan/Bastila ShanRevan (Star Wars),Female Revan (Star Wars)
Vandenpalmet,Jedi Master Character(s) & Jedi Padawan Character(s),Female Bounty Hunter/Female Jedi Knight ,Hero of Tython
Bluebellstar,Cody,CC-2224 ,Cody/Obi-Wan KenobiCC-2224 
NatCat31,Obi-Wan Kenobi/Anakin SkywalkerObi-Wan Kenobi,Anakin SkywalkerAlternate Universe - Soulmates,Soulmates
lothya,WTF Kombat 2023,Don’t copy to another site,Not for vote
SelkieLament,nanOmega (Star Wars: The Bad Batch),Hunter (Star Wars: The Bad Batch)Emotional Hurt/Comfort,Spoilers
MissyPup,CC-2224 ,Cody/Obi-Wan KenobiCC-2224 ,Cody
Somteul,CT-7567 ,Obi-Wan Kenobi & Anakin Skywalker & Ahsoka Tano,Rex & Anakin Skywalker
Somewhere_overthe_Reylo,Rey/Ben Solo ,Kylo RenRey (Star Wars),Ben Solo 
Saviin_K,Baby Yoda,Grogu ,Razor Crest 
Jerner,nanWrecker & Omega (Star Wars: The Bad Batch) - Character,CT-21-0408 ,CT-1409 
Xenomorphic,CC-2224 ,Cody/Obi-Wan KenobinanAlternate Universe - Fantasy,Alternate Universe - Magical Realism
regina_stellaris,CC-2224 ,Cody/Obi-Wan Kenobi,Clone Trooper Boil/Clone Trooper Waxer (Star Wars)CC-2224 
egeria,Alternate Universe - Canon Divergence,Obi-Wan Kenobi/Anakin SkywalkerAnakin Skywalker,Obi-Wan KenobiEpistolary
FireAlder2005,Sheev Palpatine ,Darth Vader,Anakin Skywalker 
Кавайная акулка (Kawaii_sharky),Yogar Lyste/Thrawn ,Mitth'raw'nuruodoThrawn ,Mitth'raw'nuruodo
rose_griffes,Taga & JembocJemboc the Narkina 5 Prisoner (Star Wars),Taga the Narkina 5 Prisoner (Star Wars)post-episode,prison break - Freeform
Pandora151,Ahsoka Tano,Obi-Wan Kenobi & Anakin Skywalker,Obi-Wan Kenobi & Ahsoka Tano
artindistress,Grogu ,Baby Yoda,Din Djarin & Grogu 
SomeMess,Padmé Amidala/Anakin Skywalker,Anakin Skywalker & Luke Skywalker,Leia Organa & Anakin SkywalkerAnakin Skywalker
marislibrary,Din Djarin/ReaderDin DjarinFluff,Mutual Pining,Romantic Tension
Petra,nanCT-7567 ,Rex,Anakin Skywalker
RovingRanger,Anakin Skywalker & Shmi Skywalker,Cliegg Lars/Shmi SkywalkerShmi Skywalker,Anakin Skywalker
Recyclops9000,Female Revan/Bastila ShanBastila Shan,Female Revan (Star Wars)Fluff,Femslash February
Flowerparrish,Fluff,Jon Antilles & Knol Ven'nariJon Antilles,Developing Friendships
mashimero,Obi-Wan Kenobi/Anakin SkywalkerAnakin Skywalker,Obi-Wan Kenobinan
cordage,Thrawn ,Mitth'raw'nuruodo/Eli VantoThrawn ,Mitth'raw'nuruodo
AteIsa,Friendship,One Shot,Fluff
ArtWithShezz,CT-7567 ,Angst,Drama
sshysmm,Cassian Andor & Brasso the Ferrixian,Cassian Andor/Brasso the FerrixianBrasso the Ferrixian (Star Wars),Cassian AndorFear of Flying
crestofnobility,Omega & Tech (Star Wars: The Bad Batch)Omega (Star Wars: The Bad Batch),Tech (Star Wars: The Bad Batch)Pre-War Mantle,Family
N_is_King,nanRaphael (TMNT),Leonardo (TMNT),Michelangelo (TMNT)
scaredsnakesrattle,Baby Yoda,Din Djarin & Grogu ,Din Djarin & Cara Dune
marvel_van_hogh,Din Djarin/Reader,Pedro Pascal/ReaderDin DjarinSoft Din Djarin,Squabbling
JanePotterSkywalker,nanMara JadeAngst,Short One Shot,Expanded Universe
TwinTerrors,Dooku & Luke Skywalker,Dooku & Leia OrganaDooku ,Darth Tyranus
IKnowWhatToSayNow,Kanan Jarrus/Hera Syndulla,Kanan Jarrus & Jacen SyndullaJacen Syndulla,Kanan Jarrus
Triscribe,Cody,Alternate Universe - Canon Divergence,nanCC-2224 
Grand_Admiral_Ano,Thrawn ,Mitth'raw'nuruodo/Reader,Mitth'raw'nuruodo & ReaderThrawn 
IAmTheSpaceGeneral,nanPlo Koon,Mace Windu,Jedi!Maul - Character
DealerPathsOfGlory,nanOriginal Characters,Original Clone Trooper Character(s) (Star Wars),Aheka
eniyaelleonne,CT-7567 ,Anakin Skywalker & Luke Skywalker,Luke Skywalker & Ahsoka Tano
StarRoseColors,Cere Junda & Cal KestisCal Kestis,Cere Junda,BD-1 (Star Wars)
Shinx25,CC-2224 ,Rex,Cody & CT-7567 
ofyoursilentreverie,Anakin Skywalker & Ahsoka Tano,Obi-Wan Kenobi & Ahsoka Tano,Obi-Wan Kenobi & Anakin Skywalker & Ahsoka TanoAhsoka Tano
MoxieWrites49,nanHunter (Star Wars: The Bad Batch),Echo (Star Wars: The Bad Batch),Tech (Star Wars: The Bad Batch)
a_reliable_source_of_financial_advice,Kleya Marki & Luthen RaelLuthen Rael,Kleya Marki,Mon Mothma
lunarshadow,Tech Gets a Hug (Star Wars: The Bad Batch),Emotional Hurt/Comfort,Autistic Tech (Star Wars: The Bad Batch)
KCKenobi,Obi-Wan Kenobi & Anakin SkywalkerObi-Wan Kenobi,Anakin SkywalkerMentioned Qui-Gon Jinn,Loss
dontbelasagnax,Cody,CC-2224 ,Cody/Obi-Wan KenobiCC-2224 
WTF Star Wars 2023 (Fandom_Star_Wars),WTF ,Winter Temporary Fandom Kombat,WTF Star Wars 2023
Darth_Aratron,nanDarth Malgus,CT-7567 ,Rex
kuzzzma,Moff Gideon & Orson KrennicMoff Gideon (Star Wars),Orson Krennic,Original Stormtrooper Character(s) (Star Wars)Fashion & Couture
Uncanny_Valley_Girl,Obi-Wan Kenobi & Anakin SkywalkerObi-Wan Kenobi,Anakin SkywalkerMaster & Padawan Relationship(s),Obi-Wan Kenobi & Anakin Skywalker Friendship
spes_solus,CT-21-0408 ,CT-1409 ,Echo/Hunter (Star Wars: The Bad Batch)
Escharis,Obi-Wan Kenobi/Anakin SkywalkerObi-Wan Kenobi,Anakin Skywalker ,Darth VaderFake/Pretend Relationship
Luxs_Sister,Alexsandr Kallus,Wullf Yularen/Original Character(s),Alexsandr Kallus & Wullf YularenWullf Yularen
Maltacus,Barriss Offee/Ahsoka Tano,Barriss Offee & Ahsoka Tano,Obi-Wan Kenobi & Luminara Unduli
rxsecret,Leia Organa & Luke Skywalker,Anakin Skywalker & Luke Skywalker,Padmé Amidala & Luke Skywalker
WTF Lya ty krysa 2023 (lyatykrysa),nanThe Iron Bull (Dragon Age),Zhongli (Genshin Impact),Darth MaulCrafts
RubyStiff89,The Bad Batch - RelationshipTech (Star Wars: The Bad Batch),CT-21-0408 ,CT-1409 
Melidira,Crafts,WTF Kombat 2023,Don't copy to another site
girl_of_jade,Kylo Ren,Anakin Skywalker ,Ben Solo 
La_Signorina_Verdi,Armitage Hux/Ben Solo ,Kylo Ren,Armitage Hux/Kylo RenArmitage Hux
noirobscur,Armitage Hux/Ben Solo ,Kylo Ren,Armitage Hux/Kylo RenArmitage Hux
TsunamiWolf,Nyx Okami & Ahsoka TanoNyx Okami,Ahsoka Tanonan
Annette_N,WTF ,WTF DinCobb 2023,Winter Temporary Fandom Kombat 2023
AdelaideAnagram,nannannan
onthe_edge,Crosshair (Star Wars: The Bad Batch)/Reader,Crosshair (Star Wars: The Bad Batch)/YouCrosshair (Star Wars: The Bad Batch),Hunter (Star Wars: The Bad Batch)
MasterOfMemez96,Barriss Offee/ReaderBarriss OffeeFemale Reader,Lesbian Barriss Offee,Sparring
Livfiction,CC-2224 ,Cody/Obi-Wan Kenobi,CC-2224&Original Child Character
lilhawkeye3,CC-1010 ,Fox,Thire
Cuthalion97,CT-1409 ,CT-21-0408 ,Hunter (Star Wars: The Bad Batch)
skylarkblue,Kaydel Ko Connix/Jessika PavaKaydel Ko Connix,Jessika PavaPost-Star Wars: The Rise of Skywalker,Flirting
redroverrider,Riyo Chuchi/CC-1010 ,FoxRiyo Chuchi,CC-1010 
EviesWIPs (EviesWIPS),Obi-Wan Kenobi/Anakin SkywalkerObi-Wan Kenobi,Anakin Skywalker,Ahsoka Tano
MadHare0512,Poe Dameron/Finn,Poe Dameron & FinnPoe Dameron,Finn (Star Wars)Canon Compliant
redbluedragon11,nanEzra Bridger,Sabine Wren,Keith (Voltron)
picklebridge,CC-1010 ,Fox & CC-5869 ,StoneCC-5869 
AnonymousStoneFairyHero,Rex,CT-21-0408 ,CT-1409 
AnneOwl2803,Darth Vader,Darth Sidious,Padmé Amidala/Anakin Skywalker
LadyMest,WTF ,Din Djarin/Cobb VanthDin Djarin,Cobb Vanth
WTF SW Isard x Palpatine 2023 (fandom_SW_rare_pairings_2022),WTF ,Winter Temporary Fandom Kombat 2023,Winter Temporary Fandom Kombat
FlexFlex,nannanWTF Kombat 2023,Don't copy to another site,Fanart
Meganhs,CT-7567 ,Obi-Wan Kenobi & Anakin Skywalker,Anakin Skywalker & Ahsoka Tano
layeaa,Padmé Amidala & Park Seonghwa,Obi-Wan Kenobi & Park Seonghwa,Padmé Amidala/Anakin Skywalker
TelerinJedi,Ahsoka Tano,Yoda's Disaster Lineage (Star Wars),Cody
Penultimate1,Obi-Wan Kenobi & Anakin Skywalker,Obi-Wan Kenobi & Rex (Xenoblade Chronicles 2),Anakin Skywalker & Rex (Xenoblade Chronicles 2)Obi-Wan Kenobi
Lykkirykki,Qui-Gon Jinn & Obi-Wan KenobiQui-Gon Jinn,Obi-Wan KenobiMaster & Padawan Relationship(s),Padawan Obi-Wan Kenobi
PaxDuane,Spar,Jango Fett & Alpha-Ø2 ,Arla Fett & Boba Fett & Alpha-Ø2 
Noir_Kabuki,CT-1409 ,CT-21-0408 ,Echo & CT-7567 
PrinceJakeFireCake,Obi-Wan Kenobi,Yoda (Star Wars),Ahsoka Tano
Joseph_Gillis,suspected parentageCool Hand Luke - Character,Luke Skywalker,Maury PovichShocking Reveal
softlysuited,CC-2224 ,Cody/Obi-Wan KenobiCC-2224 ,Cody
Exasperated_Author,CT-1409 ,CT-21-0408 ,Mando'a Language (Star Wars)
Haicrys,Padmé Amidala/Anakin Skywalker,Obi-Wan Kenobi/Satine Kryze,Mara Jade/Luke SkywalkerLuke Skywalker
VerseNaberrie,Sabé/Anakin Skywalker,Poe Dameron/Leia OrganaLeia Organa,Poe Dameron
Dramaul,Canderous Ordo/Female Revan,Canderous Ordo/Revan,Canderous Ordo & Female Revan
WeeBeeBooks (BookofBeesSneeze),nanCal Kestis,BD-1 (Star Wars),Merrin (Star Wars)
Your_local_cryptid13,Cassian Andor/Karis NemikCassian Andor,Karis Nemik,Arvel Skeen
viiperfang,nanHunter (Star Wars: The Bad Batch),CT-21-0408 ,CT-1409 
PHL_Plane_Spotter,Ezra Bridger & Sabine WrenEzra Bridger,Sabine Wren,Jacen Syndulla
Gandalf_Stormcrow,Padmé Amidala/Anakin SkywalkerAnakin Skywalker ,Darth Vader,Padmé Amidala
ExstistentialCanadian,nanEzra Bridger,Others - MentionedExistentialism,Deification?
Deceitful_me,Din Djarin & Grogu ,Baby YodaDin Djarin,Grogu 
duskto_dawn6,Padmé Amidala & Obi-Wan Kenobi,Padmé Amidala/Anakin Skywalker,Leia Organa & Luke Skywalker
TechIllustrator2002,CT-1409 ,CT-21-0408 ,Echo
Mandaloria593,nanDin Djarin,Grogu ,Baby Yoda
ShaleenStark,Padmé Amidala/Anakin Skywalker,Obi-Wan Kenobi & Anakin Skywalker,Anakin Skywalker & Ahsoka Tano
Nelja,Padmé Amidala/SabéSabé (Star Wars)One-Sided Relationship,Drabble,Femslash February
TheNightPrincess,CT-7567 ,Rex/ReaderCT-7567 ,Rex
TwilightOfHope,Obi-Wan Kenobi/Satine KryzeObi-Wan Kenobi,Satine KryzeStranded,Thunderstorms
S_G_Dorrity,Leia Organa & Anakin SkywalkerAnakin Skywalker,Anakin Skywalker ,Darth Vader
MountainMann,Din Djarin/Boba Fett,Din Djarin & Grogu ,Baby Yoda
literallyjustanerd,CT-7567 ,ARC-5555 ,CC-2224 
Archonate_Soerwen,Male Revan/Bastila ShanMale Revan (Star Wars),Revan (Star Wars),Bastila ShanStar Wars References
eternalqueenofthemyscira,Omega & Wrecker (Star Wars: The Bad Batch)Wrecker (Star Wars: The Bad Batch),Omega (Star Wars: The Bad Batch)Hurt/Comfort,Fluff
helo572,CT-1409 ,CT-21-0408 ,Tech (Star Wars: The Bad Batch)
the_boy_kings_writings,Harrison Wells,Castiel/Dean Winchester,Gabriel/Sam Winchester
ruinofsilver,Rey/Ben Solo ,Kylo RenBen Solo ,Kylo Ren
Elasmo,CC-2224 ,Cody/Obi-Wan Kenobi,Obi-Wan Kenobi & Ahsoka Tano
purplesong,Din Djarin/Bo-Katan KryzeDin Djarin,Bo-Katan KryzeFlirting,Adventure
Meilan_Firaga,Amilyn Holdo/Leia OrganaAmilyn Holdo,Leia OrganaHurt/Comfort,Emotional Hurt/Comfort
lxk_atreegrowsinoc,Din Djarin/Luke Skywalker,Leia Organa/Han SoloLando Calrissian,Din Djarin
Graylines,CT-7567 ,Rex & Ahsoka Tano,Ahsoka Tano & Torrent Company Members (Star Wars: The Clone Wars)
kazhan,Boba Fett/Cal KestisBoba Fett,Cal KestisPost-Canon,Kissing
thosewhowanderwithfire,nanDepa Billaba,Obi-Wan Kenobi,Anakin Skywalker
CapGirlCanuck,Obi-Wan Kenobi & Anakin SkywalkerAnakin Skywalker,Obi-Wan Kenobi,CT-7567 
KoalaRen (Koala2001),Poe Dameron/Finn/ReyPoe Dameron,Finn (Star Wars),Rey (Star Wars)Fanart
prahacat,Qui-Gon Jinn & Obi-Wan Kenobi,Dooku & Qui-Gon Jinn,Dooku & Obi-Wan KenobiObi-Wan Kenobi
SeaNarine,No Romantic Relationship(s)Obi-Wan Kenobi,Anakin Skywalker,Jaster Mereel
anxiety_banana,Plo Koon & Ahsoka Tano,Obi-Wan Kenobi & Ahsoka Tano,Anakin Skywalker & Ahsoka Tano
daydream_cement,captain phasma/readerCaptain Phasma - Character,ReaderHurt/Comfort,Training
Captain_Amelia,CC-1010 ,nanOriginal Clone Character(s),Fox
EmeraldSpring,Obi-Wan Kenobi & Anakin Skywalker & Ahsoka TanoObi-Wan Kenobi,Anakin Skywalker,Ahsoka TanoBody Swap AU
ace_ofspades,CC-3636 ,104th Battalion ,Wolffe & Original Character(s)
Losermultifandomidiot,Cassian Andor/ReaderCassian Andor,ReaderGender-neutral! Reader,Fluff
Imlaxdris1771,CC-2224 ,Cody/Obi-Wan KenobiCC-2224 ,Cody
RheaShay,nanDin Djarin,Grogu ,Baby Yoda
MartinTello15,nanPlo Koon,Tyvokka (Star Wars),Poli Dapatian
WaitingForMy,OrreliosCT-7567 ,Rex,Sabine WrenCanon Compliant
nielzikyungwoon,Poe Dameron/Din DjarinPoe Dameron,Din Djarin,Finn (Star Wars)
WiseOwl18,Clone Force 99 ,Bad Batch & Crosshair (Star Wars: Bad Batch),Crosshair & Omega (Star Wars: The Bad Batch)Crosshair (Star Wars: The Bad Batch)
Dorthea,Kanan Jarrus & Ahsoka Tano,Ezra Bridger & Kanan JarrusKanan Jarrus,Ahsoka Tano
romanesque,Obi-Wan Kenobi & Anakin Skywalker,Padmé Amidala & Anakin SkywalkerObi-Wan Kenobi,Anakin Skywalker
Stag_Stopa,Darth Bane/Darth ZannahDarth Bane,Darth Zannah,Darth CognusDrabble
Marmotta,CT-27-5555 ,ARC-5555 ,CT-5597 
marshMeister,CC-2224 ,Cody/Obi-Wan KenobiCC-2224 ,Cody
Skierunner,Obi-Wan Kenobi & Anakin Skywalker,Obi-Wan Kenobi/Anakin Skywalker,honestly neither & or / covers itObi-Wan Kenobi
Jedi_Knight_Leia_Skywalker,Leia Organa & Luke Skywalker,Trans Leia Organa,Trans Male Character
redsoapterminal3,No Romantic Relationship(s),Obi-Wan Kenobi & Jaster Mereel,Jango Fett & Obi-Wan Kenobi
pokemon216,Obi-Wan Kenobi/Reader,Anakin Skywalker & ReaderObi-Wan Kenobi,Anakin Skywalker
Tanwyn,CT-1409 ,CT-21-0408 ,ARC-5555 
FandomWars,nanOriginal Jedi Character(s) (Star Wars)Mentioned Obi-Wan Kenobi,Mentioned Anakin Skywalker,Implied/Referenced Character Death
Face_of_Poe,Grief/Mourning,Post-Rogue One,Rebellion Era (Star Wars)
Auranthe,Original Female Character/Original Female CharacternanMajor Original Character(s)
remarkable1,Wrecker (Star Wars: The Bad Batch)/Original Character(s)Wrecker (Star Wars: The Bad Batch),CT-21-0408 ,CT-1409 
Eurydia,Kleya Marki/Luthen RaelKleya Marki,Luthen RaelFluff,Romantic Fluff
ChemicalJude,Obi-Wan Kenobi/Darth MaulObi-Wan Kenobi,Darth Maul,Original CharactersAlternate Universe
radio (video),Clone Trooper Hardcase & CT-7567 ,RexClone Trooper Hardcase (Star Wars),CT-7567 
Did_you_see_the_light_in_my_heart,Obi-Wan Kenobi & Beru Whitesun,Owen Lars/Beru Whitesun,Obi-Wan Kenobi & Owen LarsObi-Wan KenobiBanthas
indigo_stars,Obi-Wan Kenobi & Leia Organa,Leia Organa & Luke Skywalker & Han SoloLeia Organa,Obi-Wan Kenobi
herowrites,Anakin Skywalker & Ahsoka Tano,Obi-Wan Kenobi & Anakin Skywalker & Ahsoka TanoAnakin Skywalker,Ahsoka Tano
Alright_Anakin,Din Djarin/Luke SkywalkerLuke Skywalker,Grogu ,Baby Yoda
Artikka,Satine Kryze & Anakin Skywalker,Mentioned Satine Kryze/Obi-Wan Kenobi,Mentioned Padme Amidala/Anakin Skywalker - RelationshipSatine Kryze
mistr3ssquickly,Orrelios,Hera Syndullaoops more buddy cop,i'm calling this a character study
planningconquest,Luke Skywalker & Darth VaderLuke Skywalker,Leia Organa,obi wan kenobi
colls,nanSaw Gerrera,Luthen RaelFanvids
1AdiWriter1,,Eddy (Ed Edd n Eddy),B1 Battle Droids (Star Wars)
Wibzen,Alternate Universe - Canon Divergence,Anakin Skywalker & Shmi SkywalkerShmi Skywalker,Anakin Skywalker
RantsAboutWriting (FireRainz),Rex,CT-7567 ,CC-2224 
gigglesandfreckles,Obi-Wan Kenobi & Anakin SkywalkerObi-Wan Kenobi,Anakin SkywalkerAnakin Skywalker Needs a Hug,Whump
forceinsensitive,99 (Star Wars: The Clone Wars) & Crosshair & Hunter & Tech & Wrecker (Star Wars: The Bad Batch),99 & Crosshair,99 & Wrecker99 (Star Wars: The Clone Wars)
spitfirevoy (blackleaders),Poe Dameron/Original Character(s)Poe Dameron,Original CharactersAlternate Universe - Canon Divergence,Fluff
Zebra_Strike357,Riyo Chuchi/CC-1010 ,FoxCC-1010 ,Fox
Fanderman,Padmé Amidala/Anakin SkywalkerPadmé Amidala,Anakin Skywalker,Obi-Wan Kenobi
MagicalStardust,CC-2224 ,Cody & CC-1010 ,FoxCC-1010 
GarnetSeren,CT-21-0408 ,CT-1409 ,Rex
Joelas_Black,WTF ,Fanart,Digital Art
Jakiyah_Banner,Obi-Wan Kenobi/ReaderObi-Wan Kenobi,Reader,Mace Windu
Misha_P,Baby Yoda,Din Djarin/ReaderDin Djarin,Grogu 
TillTheStarsCrumble,nanPoe DameronCanon Compliant,his ship exploded...is this not at all concerning to him?,seems like it should be so here is me writing about it xD
Dejavidetc,Kylo Ren,Armitage Hux/Ben Solo ,Armitage Hux/Kylo RenArmitage Hux
Cryptidenthusiast420,Starkiller,Leia Organa/Han Solo,Mara Jade/Luke Skywalker
Leario,Armitage Hux/Ben Solo ,Kylo Ren,Armitage Hux/Kylo RenArmitage Hux
Ekaterin69,Armitage Hux/Ben Solo ,Kylo Ren,Armitage Hux/Kylo RenArmitage Hux
topazice,nanArmitage Hux,Ben Solo ,Kylo Ren
Blackkingsdream,Armitage Hux/Ben Solo ,Kylo Ren,Armitage Hux/Kylo RenArmitage Hux
BastardlyOctoberSon,Kylo RenArt,Fanart,Digital Art
Aina_Agras,nanBen Solo ,Kylo Ren,Armitage Hux
Arkainea,Thrawn ,Anakin Skywalker ,Other Additional Tags to Be Added
lady_mab,Cere Junda & Trilla Suduri ,Second SisterCere Junda,Trilla Suduri 
maelstorm23,Asajj Ventress/Quinlan VosAsajj Ventress,Quinlan Vos,Original Jedi Character(s)
morwen_of_gondor,Humor,Salt and Light,Obi-Wan Kenobi
Trillium_Orchid,CT-1409 ,CT-21-0408 ,Tech (Star Wars: The Bad Batch)/Reader
vayoloo,CT-1409 ,CT-21-0408 ,Hunter & Omega (Star Wars: The Bad Batch)
lachlan_ur,nanPoe DameronCollage,Aesthetic Collage,WTF 
Kalopsiaa,Obi-Wan Kenobi & Mace Windu,Obi-Wan Kenobi & Quinlan Vos,Obi-Wan Kenobi & Luminara Unduli
Spring_child,Obi-Wan Kenobi & Anakin SkywalkerObi-Wan Kenobi,Anakin Skywalker,Obi-Wan Kenobi's Mother
gingerpeachtea,Obi-Wan Kenobi & Anakin SkywalkerObi-Wan Kenobi,Anakin SkywalkerMaster & Padawan Relationship(s),Hurt/Comfort
SpaceWall,CT-6922 ,Dogma & Dooku,Dooku & Obi-Wan Kenobi
Bakery300,Tennyson,Professor Paradox (Ben 10 Series),Anakin Skywalker
IneffableDoll,Din Djarin & Grogu ,Baby YodaDin Djarin,Grogu 
ghostalex,Obi-Wan Kenobi & Luke Skywalker,Luke Skywalker & Ahsoka Tano,Luke Skywalker & Quinlan Vos
sosooley,Syril Karn/Dedra MeeroSyril Karn,Dedra MeeroFanart,Art
Thousandsmiles,Baby Yoda & The Mandalorian (The Mandalorian TV)Baby Yoda (The Mandalorian TV),Din Djarin,Stephanie Brown
namiinu,Kylo Ren,Rey/Ben SoloRey (Star Wars),Rose Tico
spadecubism,Obi-Wan Kenobi/Anakin Skywalker,Obi-Wan Kenobi/Darth Vader,Obi-Wan Kenobi & Anakin Skywalker 
grexigone,Cassian Andor/Jyn Erso,Cassian Andor & Jyn ErsoJyn Erso,Cassian Andor
ant1hero,Fluffuary ,Tumblr Prompt,Femslash February
DaisyChainz,Leia Organa & Ben SoloLeia Organa,Ben SoloStar Wars: The Rise of Kylo Ren (Comics) Compliant,Family
GhostoftheLibrary,Jon Antilles & Agen Kolar,Agen Kolar & T'ra SaaJon Antilles,Agen Kolar
OfSkysAndDragonsAndStars,CT-1409 ,CT-21-0408 ,Rex
eyecandywrites,CT-21-0408 ,CT-1409 ,Crosshair (Star Wars: The Bad Batch)/Reader
PleaseTakeAwayMyInternet,Qui-Gon Jinn & Obi-Wan KenobiObi-Wan Kenobi,Qui-Gon JinnMentioned Vokara Che,Hurt/Comfort
milkytheholy1,Tech (Star Wars: The Bad Batch)/ReaderReader,Tech (Star Wars: The Bad Batch)Fluff,Fluff and Angst
jaigeye,Barriss Offee & Luminara UnduliBarriss Offee,Luminara UnduliPrison,Character Study
grand_admiral_thrawn,Leia Organa & Luke Skywalker,Leia Organa/Han Solo,Luke Skywalker & Darth Vader
Enthusiastic_Enthusiast,Alternate Universe - Royalty,Stewjoni Obi-Wan Kenobi,Fluff and Angst
Starfleet_Command_Unit_Bi,nanMon Mothma,Padmé Amidala,Bail Organa
valela,nanOrson Krennic,Wilhuff Tarkin,Galen Erso
Calrissian66,Leia Organa & Luke Skywalker,Luke Skywalker & Ahsoka Tano,Luke Skywalker & Original Character(s)
cwritesforfun,SeresinLove,Friends to Lovers,LGBTQ Character
alexmurray,CC-2224 ,nanObi-Wan Kenobi,Cody
xtenn,Rey/Ben Solo ,Kylo RenRey (Star Wars),Ben Solo 
SpacedCat2409,Obi-Wan Kenobi/Satine Kryze,Satine Kryze & Breha OrganaSatine Kryze,Breha Organa
Aliennotperson,nanAnakin Skywalker,Obi-Wan Kenobi,Shmi SkywalkerHurt/Comfort
podracinghero (parallelcurtains),Obi-Wan Kenobi/Anakin SkywalkerObi-Wan Kenobi,Anakin Skywalkernewly knighted Anakin Skywalker,reminiscing Obi-Wan
Knitzkampf,Leia Organa & Luke Skywalker & Han SoloLeia Organa,Luke Skywalker,Han Solo
destinys_goal,nannanMentioned Jedi Order (Star Wars),Mentioned Sheev Palpatine ,Darth Sidious
sakuramai,Qui-Gon Jinn & Obi-Wan Kenobi,Darth Tyranus,Character Study
White0_creamy_0Sexy,Baby Yoda,Grogu ,Din Djarin/ Luke skywalker (background)
txtalnyx,Cody/Obi-Wan Kenobi,Obi-Wan Kenobi & Anakin Skywalker & Ahsoka Tano,Obi-Wan Kenobi & Anakin Skywalker
1creativeusernameplease,Obi-Wan Kenobi & Anakin Skywalker,Obi-Wan Kenobi & Luke SkywalkerObi-Wan KenobiBaby Luke Skywalker,Introspection
ameliasstories,CT-27-5555 ,ARC-5555 ,Rex
Retroyy,nanRC-1309 ,IC-1309 ,Niner Skirata
ClickerFlight,nanWrecker (Star Wars: The Bad Batch),Tech (Star Wars: The Bad Batch),Hunter (Star Wars: The Bad Batch)
ihathbenobiwankenobied,CC-2224 ,Cody,Cody/Obi-Wan Kenobi
MaeMae0502,CT-21-0408 ,CT-1409 ,nanOmega (Star Wars: The Bad Batch)
IllyanaA,CT-7567 ,Obi-Wan Kenobi & Anakin Skywalker,Rex & Ahsoka TanoObi-Wan Kenobi
undying_lilies,CT-21-0408 ,CT-1409 ,Tech/Original Character
sunryder,Obi-Wan Kenobi & Revan,CC-2224 ,Cody/Obi-Wan KenobiObi-Wan Kenobi
SylvanShrew,Syril Karn/Dedra Meero,Syril Karn & Dedra MeeroSyril Karn,Dedra MeeroTrauma
Shelaar (JonathanAnubian),CC-2224 ,Jango Fett/Obi-Wan Kenobi,Obi-Wan Kenobi/Satine Kryze
Gaeasun,ARC-5555 ,CT-27-5555 ,CC-1010 
Kihvod,nanOmega (Star Wars: The Bad Batch),Hunter (Star Wars: The Bad Batch),Tech (Star Wars: The Bad Batch)
bloopdydooooo,Guambdea Guambdea & ReaderGuambdea Guambdea,Reader,Reader's Friendthis is a joke I'm so sorry
kanerallels,CT-7567 ,CT-21-0408 ,CT-1409 
Nightof_ren,Anakin Skywalker & Ahsoka TanoAhsoka Tano,Anakin Skywalker,Ezra Bridger
KLMwrites,Hunter & Omega (Star Wars: The Bad Batch),Hunter & Tech (Star Wars: The Bad Batch),Crosshair & Hunter (Star Wars: The Bad Batch)Hunter (Star Wars: The Bad Batch)
Skywalker_tano_kenobi,Obi-Wan Kenobi & Leia Organa,Obi-Wan Kenobi & Anakin Skywalker,Padmé Amidala & Obi-Wan Kenobi
HP_Fiction_Fan,Leia Organa/Han SoloLeia Organa,Han Solonan
commandershakarian,KimbleFluff,Dorks in Love,Planet Ilum (Star Wars)
DoctorGeekery,Axel Greylark/Gella NattaiAxel Greylark,Gella Nattai,Xiri A'lbaran (mentioned)
Little_Middle_A_dreams_in_color2,Enwandung-Esterhazy,Quinlan Vos,Khaleen Hentz
Younglingslayer_501,CT-7567 ,Rex/Reader,Rex & ReaderCT-7567 
Seer_Celine,nanRiyola Keevan,Raithe Kole,Lenka Mok
Willow_SK,CT-7567 ,CC-5576-39 ,Wolffe
mollivanders,Cassian Andor/Jyn ErsoCassian Andor,Jyn ErsoBackground Relationships,Backstory
minimal_prime,nannan3 Sentence Fiction
dandelioness,CC-2224 ,Cody,Cody/Obi-Wan Kenobi
haylzcyon,Din Djarin/Reader,Din Djarin/YouDin DjarinFluff,Only One Bed
Thestruggleismelon,Padmé Amidala/Anakin SkywalkerPadmé Amidala,Anakin Skywalker,Luke Skywalkernan
theressomethingscrewy,CC-2224 ,Cody/Obi-Wan Kenobi,Cody & Obi-Wan KenobiCC-2224 
GavImp,Qui-Gon Jinn/Obi-Wan KenobiQui-Gon Jinn,Obi-Wan KenobiQuiObi Secret Valentines 2023,Fanart
ForsythiaRising,Dooku & Qui-Gon JinnDooku ,Darth Tyranus,Qui-Gon Jinndisaster lineage ruminations
LightedDark,Cere Junda & Cal Kestis,Greez Dritus & Cal Kestis,Cal Kestis & Merrin
LeiaFavaz,Obi-Wan Kenobi/Anakin Skywalker,Obi-Wan Kenobi & Anakin SkywalkerObi-Wan Kenobi,Anakin SkywalkerDrabble
vizslasaber,Obi-Wan Kenobi & Anakin Skywalker & Ahsoka Tano,Obi-Wan Kenobi & Anakin Skywalker,Obi-Wan Kenobi & Ahsoka TanoObi-Wan Kenobi
Albert98,Roxas/Xion (Kingdom Hearts)Roxas (Kingdom Hearts),Xion (Kingdom Hearts),Axel (Kingdom Hearts)
twoheadedmoon,Obi-Wan Kenobi & Anakin SkywalkerObi-Wan Kenobi,Anakin SkywalkerTrans Obi-Wan Kenobi,Sickfic
TwinEnigma,CT-7567 ,Emperor Darth Vader,Suitless Darth Vader
oatyboaty,ARC-5145,Koi/Ann KojikAnn Kojik,KoiKANN RAAHHH
Corona_1,nanCrosshair (Star Wars: The Bad Batch)Drabble,Hurt No Comfort,Wordcount: 100
RayneSummer,CT-7567 ,CT-6116 ,Kix
Readaholics_Anonymous,Qui-Gon Jinn & Darth Maul,Jar Jar Binks/Darth MaulJar Jar Binks,Darth Maul
VeraDragonJedi,Din Djarin/Luke SkywalkerDin Djarin,Luke SkywalkerHurt/Comfort,Fluff
Commanderclonesimp,ARC-5555 ,CT-21-0408 ,CT-1409 
parmecia,Female Jedi Knight ,Hero of Tython/Theron ShanTheron Shan,Hero of TythonNapping
NaldMoney,Padmé Amidala/Anakin Skywalker,Jane Foster/ThorPadmé Amidala,Anakin Skywalker
Safire1999,Din Djarin & Grogu ,Baby YodaCara Dune,Bo-Katan Kryze
arkadoot,Mon Mothma & Tay KolmaMon MothmaIntrospection,Angst,Drabble
rarsneezes,Anakin Skywalker & Ahsoka TanoAhsoka Tano,Anakin SkywalkerAnakin Skywalker & Ahsoka Tano Friendship,POV Ahsoka Tano
Lenuchka,Armitage Hux/Kylo Ren,Armitage Hux/Ben Solo ,Kylo RenArmitage Hux
ConsiderTheLiliesOfTheField,Orrelios,Tristan Wren,Alrich WrenIce Skating
Thisistheend,Din Djarin & Grogu ,Baby YodaDin Djarin,Grogu 
grxcefully,CT-21-0408 ,CT-1409 ,Hunter & Omega (Star Wars: The Bad Batch)
DarkSapiens,nanJad Luk ,Rek Viridux,Vorian Akra Auratus
LaurielAnarwen,nanShaak Ti,Plo Koon,Luminara Unduli
tsepesh,nanOriginal Imperial Characters (Star Wars)Crack,Mentioned Femslash,Occupational Novel
Siore,nanOrson Krennic,Wilhuff Tarkin,Dunstig Pterro
Komissar,WTF ,Din Djarin/Cobb VanthDin Djarin,Cobb Vanth
Renton6echo,nanCT-5597 ,Jesse,CT-27-5555 
D0g_Eggz,Anakin Skywalker ,Darth Vader & Luke Skywalker,Past Padmé Amidala/Anakin Skywalker 
Sunfl0wer78,CC-2224 ,Cody & Anakin Skywalker,Cody/Obi-Wan Kenobi
gay_vampire,Che'ri & Samakro ,Ufsa'mak'ro,Che'ri & Thalias 
moonlighthowl,Hunter & Tech (Star Wars: The Bad Batch)Hunter (Star Wars: The Bad Batch),Tech (Star Wars: The Bad Batch),CT-21-0408 
m_malpractice,Kylo Ren,WTF ,Winter Temporary Fandom Kombat 2023
Blueberry_Mocha,Friendship - Relationship,slow burn - Relationship,OC x Captain RexOC - Character
Wolfram_Rivera,nanTycho Celchu,Ait ConvarionMissing Scene,Alternate Universe - Canon Divergence
bene_gesserit (irulenn),Kylo Ren,Rey/Ben Solo ,Kylo Ren/ReyRey (Star Wars)
Eleonora_Alva,Winter Temporary Fandom Kombat 2023,Alternate Universe,Unresolved Romantic Tension
beany_in_my_feels,Kylo Ren,Rey/Ben Solo ,Loki/Sylvie (Loki TV)Rey (Star Wars)
alwritey_aphrodite,Poe Dameron/Reader,Poe Dameron/You,Poe Dameron & Reader
carryonmywaywardsonofabitch,Jedi Order & Yoda,Jedi Children & Yoda (Star Wars),Obi-Wan Kenobi & YodaYoda (Star Wars)
AManOfMyth,CC-2224 ,Cody/Obi-Wan KenobiCC-2224 ,Cody
willowisp317,,also on that note,Post-Traumatic Stress Disorder - PTSD
OhWormsNice,Obi-Wan Kenobi & Quinlan Vos,Obi-Wan Kenobi/Quinlan VosObi-Wan Kenobi,Quinlan Vos
Tarun,Drabble,Qui-Gon Jinn/Obi-Wan Kenobi,Obi-Wan Kenobi & Leia OrganananMissing Scene
Mirabella_Guseletova,nanShiki (Togainu no Chi),Akira (Togainu no Chi)Humor,Crossover
fabrikor,Qui-Gon Jinn & Obi-Wan KenobiQui-Gon Jinn,Obi-Wan KenobiAngst,3 Sentence Ficathon
CallieCadence,Cassian Andor/Jyn Erso,Cassian Andor,Romance
P47Thunderbolt,nannanNonfiction,Worldbuilding,Mandalorian Culture (Star Wars)
66chaoticMinds,Lana Beniko/Male Jedi Consular ,Barsen'thorOriginal Jedi Character(s) (Star Wars),Lana Beniko
Josephinex09,Padmé Amidala/Anakin Skywalker,Anakin Skywalker & Ahsoka TanoAnakin Skywalker,Ahsoka Tano
BonesofBeowulf,CC-1138 ,CC-2224 ,CC-1138
gem_rcdr,Obi-Wan Kenobi/Anakin SkywalkerAnakin Skywalker,Obi-Wan Kenobi,Qui-Gon Jinn
blueskiddoo,Cassian Andor/Jyn ErsoCassian Andor,Jyn ErsoAlternate Universe - Canon Divergence
perpetual_winter,nanOliviah ZeveronHigh Republic Era (Star Wars)
CasualThursday,nanYoda (Star Wars),Mace Windu,Plo Koon
elmae (Maiamars),Baby Yoda,Din Djarin & Grogu ,Din Djarin/Cobb VanthDin Djarin
Avatar_Snips,CT-7567 ,Obi-Wan Kenobi & Anakin Skywalker,Anakin Skywalker & Ahsoka Tano
tiredmoonlight,Obi-Wan Kenobi & Asajj Ventress,Obi-Wan Kenobi & Hondo OhnakaObi-Wan Kenobi,Asajj Ventress
PyromanicDaydreamer,CC-2224 ,Cody/Obi-Wan Kenobi,212th Attack Battalion & Obi-Wan KenobiObi-Wan Kenobi
SpacingStars,CT-7567 ,Rex & Anakin SkywalkerAnakin Skywalker,RexHurt/Comfort
Maisy5,Obi-Wan Kenobi & Anakin Skywalker ,Darth VaderObi-Wan Kenobi,Anakin Skywalker 
VoidofGrace,Theron Shan/Female Sith Warrior,Vette/Jaesa WillsaamFemale Sith Warrior,Theron Shan
Lilmarman,Fluff,Din Djarin/Boba FettDin Djarin,Boba FettHurt/Comfort
Kelpie_Mist,nanObi-Wan KenobiTime Travel,Angst,Obi-Wan Kenobi Needs a Hug
Yikes_Existence,nannanWorldbuilding,ideas,Concepts
That_Girl_Under_A_Rock,Obi-Wan Kenobi/Original Female Character(s),Anakin Skywalker & Ahsoka Tano,Anakin Skywalker & Original Character(s)
Jess_almeida,Rey/Ben SoloRey (Star Wars),Ben Solo ,Kylo RenAlternate Universe
ThatGayJedi,Obi-Wan Kenobi/Anakin SkywalkerObi-Wan KenobiOther Additional Tags to Be Added,POV Obi-Wan Kenobi,Sad Obi-Wan Kenobi
magicgoldenflower,Clone Force 99 ,CT-1409 ,Bad Batch & Crosshair (Star Wars: Bad Batch)
i_am_the_last_one,Ben Cuyan ,Obi Wan Kenobi & Yoda,Obi Wan Kenobi & The Faceless Woman
coruscantguard (nadiavandyne),CC-1010 ,Fox/Quinlan VosCC-1010 ,Fox
The_Mysterious_Writer18,Leia Organa & Luke SkywalkerPadmé Amidala,Luke Skywalker,Anakin Skywalker
space_farer,CT-1409 ,Crosshair & CT-21-0408 ,Echo & Hunter & Omega & Tech & Wrecker (Star Wars: The Bad Batch)Hunter (Star Wars: The Bad Batch)
Jihyunie48,CC-2224 ,Cody,Cody & Obi-Wan Kenobi
itchapteroneandtwo_stfandom,Finn Wolfhard/Reader,Bill Denbrough/The Losers Club,Millie Bobby Brown/Noah Schnapp
Siri_Kenobi12,Qui-Gon Jinn & Obi-Wan Kenobi,Obi-Wan Kenobi & YodaObi-Wan Kenobi,Qui-Gon Jinn
OuzoAthena11,CC-1010 ,Fox/Quinlan VosQuinlan Vos,Fox
wayfaringjedi (Neurodolphin),Original Droid Character & Original Jedi Character,B1 Battle Droids & Original Jedi CharacterB1 Battle Droids (Star Wars),Original Child Character(s)Order 66 Aftermath (Star Wars)
YourLocalGnome,nanAnakin Skywalker,CT-7567 ,RexAngst
cluven,Hunter (Star Wars: The Bad Batch)/Reader,Hunter (Star Wars: The Bad Batch) & Reader,Hunter (Star Wars: The Bad Batch)/YouHunter (Star Wars: The Bad Batch)
Flolalala,Boba Fett & Jango Fett,Jango Fett & Obi-Wan Kenobi,Jango Fett & Mace WinduJango Fett
L_Xi,nannanDeath,Grief/Mourning,burial ritual
Lunablossum21,nanDream of the Endless ,Morpheus,Sheev Palpatine 
dinkydykeviking,Kylo Ren,Rey/Ben Solo ,Rey & Original Characters
foreverstudent,Obi-Wan Kenobi & Anakin SkywalkerObi-Wan Kenobi,Anakin Skywalker,Ahsoka Tano
ProfessorWhat,First Doctor & Susan Foreman,Death of the Endless & Susan Foreman,Irving Braxiatel & The DoctorSusan Foreman
beforesaturn,Kylo Ren/ReynanComfort
HawkCT7576,Naomi/Archer,Shane/KuviraShane McKnight,Kuvira McKnight
Evil_Little_Dog,Leia Organa & Luke Skywalker & Han SoloLeia Organa,Luke Skywalker,Han SoloCommunity: comment_fic
Anonymous300305,Dooku (Star Wars) & Reader,Dooku (Star Wars)/ReaderDooku ,Darth Tyranus
jeldog,Anakin Skywalker/ReaderAnakin Skywalker,Anakin Skywalker ,Darth Vader
candylemonsticks,CC-2224 ,Cody/Obi-Wan Kenobi,Padmé Amidala/Anakin Skywalker
noodley_noodles,nanAnakin Skywalker ,Darth VaderCostume Parties & Masquerades,Digital Art
sithness,Mon Mothma & Bail Organa,Leida Mothma & Mon Mothma,Bail Organa & Leia OrganaMon Mothma
PinkAuthor,Din Djarin/Luke SkywalkerDin Djarin,Luke Skywalker,Han Solo
Techika,nanTech (Star Wars: The Bad Batch),Hunter (Star Wars: The Bad Batch),Wrecker (Star Wars: The Bad Batch)
Oystering,Din Djarin/Luke SkywalkerDin Djarin,Luke Skywalker,Grogu 
mudkipwrites,Orrelios,Alexsandr Kallus,Jacen Syndulla
Notebrooke,Darth Vader,nanAnakin Skywalker,Anakin Skywalker 
potooyoutoo,Jango Fett & Obi-Wan KenobiObi-Wan Kenobi,Jango Fett,Bardan JusikAlternate Universe
martamatta,Din Djarin/Cobb VanthCobb Vanth,Din Djarin,Bo-Katan Kryze
macNcheeseable,Borika ,Cohbo'rik'ardok & Thrawn ,Mitth'raw'nuruodoBorika 
FMPtrumpets,Padmé Amidala/Anakin Skywalker,Padmé Amidala & Ahsoka Tano,Anakin Skywalker & Ahsoka Tano
Lilac and Roses (ThyQueendomCome),Obi-Wan Kenobi & Anakin Skywalker,Qui-Gon Jinn & Anakin Skywalker,Obi-Wan Kenobi/Anakin SkywalkerAnakin Skywalker
pronker,nanLuke Skywalker,Beru WhitesunAnimals,Being Lost
GemmaRose,CC-1010 ,Fox,Fox/Quinlan VosQuinlan VosEpistolary
Indira_Korr,nanTooka Characters (Star Wars),Bantha Characters (Star Wars)Art,Digital Art
MerlynBane,ARC-5555 ,CT-27-5555 ,CT-21-0408 
OverexposedLighting,Leia Organa & Sabine WrenLeia Organa,Sabine Wren,Luke SkywalkerMentioned Ezra Bridger
ChemistryNerd,CC-2224 ,Cody,Cody & Obi-Wan Kenobi
iegoangel,father/son - Relationship,Vader & LukeDarth Vader,luke slaywalker
Diamond_Dove,Gilad Pellaeon/Thrawn ,Mitth'raw'nuruodoThrawn ,Mitth'raw'nuruodo
DoodlebugWritesStuff,nanJedi Padawan Character(s),Obi-Wan Kenobi,Original Clone Trooper Character(s) (Star Wars)Angst and Tragedy
Exposition_Emporium,Kylo Ren,Rey/Ben Solo ,Leia Organa/Han SoloRey (Star Wars)
SirLoozElite,Anakin Skywalker & Ahsoka Tano,Padmé Amidala/Anakin SkywalkerAhsoka Tano,Anakin Skywalker
Loch,Fox,CC-2224 ,CC-1010 
tuatarasa,Del Meeko/Iden VersioIden Versio,Del Meeko,Inferno Squad (Star Wars)Fluff
Redrikki,Obi-Wan Kenobi & Anakin Skywalker,Padmé Amidala/Anakin Skywalker,Anakin Skywalker & Ahsoka TanoObi-Wan Kenobi
clamorouslucas,Kylo Ren,Poe Dameron & Finn & Rey,Poe Dameron/Ben Solo
Naru,nanEve (High Moon),Hannibal LecterAlternate Universe,Cruelty
DarthVader2000,Darth Vader,nanAnakin Skywalker ,Luke Skywalker
sticks_and_souls,CT-7567 ,Rex & Ahsoka Tano,Rex/Ahsoka TanoCT-7567 
catboydogma,CT-6922 ,Dogma,Dogma & Mace Windu
lux_arcana,CC-2224 ,Cody & Obi-Wan KenobiObi-Wan Kenobi,CodyHurt/Comfort
Kulan,Obi-Wan Kenobi/Anakin SkywalkerObi-Wan Kenobi,Anakin Skywalkernan
i_zapshroom,CC-2224 ,Cody/Obi-Wan KenobiCC-2224 ,Cody
Polyphonic_Garden,No Romantic Relationship(s)Tech (Star Wars: The Bad Batch),Wrecker (Star Wars: The Bad Batch),Omega (Star Wars: The Bad Batch)
Lili1478,Lana Beniko/Female Sith InquisitorLana Beniko,Female Sith Inquisitor ,Force WalkerCrack
QuantumGroovytime,Din Djarin/Cobb Vanth,Din Djarin & Cobb Vanth,Scott (Star Wars: The Book of Boba Fett) & Cobb VanthDin Djarin
NikkiSA4,Owen Lars/Beru Whitesun,Padmé Amidala & Leia Organa & Luke Skywalker,Padmé Amidala & Obi-Wan KenobiPadmé Amidala
MurielleLibrary,Orrelios,Hera Syndulla,Kanan Jarrusphone gossip
JainaDurron7,nanGavin Darklighter,Sera Faleur,OC ChildrenAdoption
SageGarnish,Obi-Wan Kenobi & Anakin Skywalker,Obi-Wan Kenobi/Anakin SkywalkerObi-Wan Kenobi,Anakin SkywalkerArt
Anya25510,Padmé Amidala/Anakin Skywalker,Obi-Wan Kenobi/Satine KryzePadmé Amidala,Anakin Skywalker
AliceRein,nannanWTF ,Winter Temporary Fandom Kombat 2023,Fanvids
IlargiZuri,nanBryn Thanseli (Original Character),Lance Cad (Original Character),Rey
EtherealPillow,Obi-Wan Kenobi & Luke SkywalkerObi-Wan Kenobi,Luke SkywalkerImperial Luke Skywalker,Imperial Leia Organa
circadiana,Eyre Brraven & CC-8622 ,CaeliferEyre Brraven,CC-8622 
TheManOfManyFandoms,Anakin Skywalker & Ahsoka Tano,Padmé Amidala/Anakin Skywalker,Padmé Amidala & Ahsoka Tano
SithLordBambi,Obi-Wan Kenobi/Reader,Padmé Amidala/Anakin SkywalkerObi-Wan Kenobi,Padmé Amidala
SerenaDarrin,BD-1 & Cal Kestis,Greez Dritus & Cal Kestis,Cal Kestis & The Mantis CrewBD-1 (Star Wars)
Yes_it_Really_is_Feeney,nanLuke Skywalker,Zevulon Veers,Anakin Skywalker 
STARWARSFANGIRL,Orrelios,Kanan Jarrus,Sabine Wren
lumateranlibrarian,Vaughn,CC-1138 ,Rex
ImaniJoain,nanOC Gray JediAncient History
Mushroom_Fairy,CC-2224 ,Cody/Obi-Wan Kenobi,Padmé Amidala/Anakin Skywalker
Marin_Black,Din Djarin/Luke Skywalker,Leia Organa/Han Solo,Obi-Wan Kenobi/Anakin Skywalker
CeruleanTactician,Din Djarin & Grogu ,Baby YodaDin Djarin,Grogu 
elves_and_labrats_ao3,Finn/ReaderFinn (Star Wars),(Mentioned) Rey,ReaderMorally Ambiguous Reader
Gothmoglordofbalrogs,nanClone Troopers (Star Wars),Jedi Order (Star Wars),Sheev Palpatine 
buckyslaychokemedaddy,Rey/Ben Solo ,Kylo RennanNot Beta Read,Ben Solo Needs A Hug
Wolfpack_Padawan,CT-7567 ,Rex/Original Female Character(s),CC-2224 
TheRogue704,Rey & Ben Solo ,Kylo RenRey (Star Wars),Ben Solo 
JKFic,nanHulk (Marvel),Anakin Skywalker ,Darth Vader
rosepetalfall,Rey/Rose TicoRose Tico,Rey (Star Wars),Finn (Star Wars)
TheChairIsAgainstTheWall,nannanMetafiction,Worldbuilding,no regular updates
Pontmercyingtilthecowscomehome,Leia Organa/Han SoloLeia Organa,Han Solo,Bail Organa
starryreys,Orrelios,Chopper (Star Wars),Jacen Syndulla
JavenGlasse,nanOriginal Sith Character(s),Darth Zerea,Cove (OC)
emmalinesolace,CT-7567 ,Rex/ReaderCT-7567 ,Rex
beyondtheoldheadstones,Leia Organa/Han SoloLeia Organa,Han Solo,Background & Cameo CharactersModern Era
Killaway,Finn & Original Female CharacterFinn (Star Wars),Original Female Character(s),Original First Order Characters (Star Wars)Dialogue Heavy
xaviqrs,Rex,CC-2224 ,Cody & CT-7567 
cpnr,Obi-Wan Kenobi & Anakin Skywalker,Qui-Gon Jinn & Obi-Wan KenobiAnakin Skywalker,Obi-Wan Kenobi
Last_Haven,Cassian Andor/Jyn Erso,Rey/Ben Solo ,Kylo RenFinn (Star Wars)
ChristianAllenK,CT-7567 ,Anakin Skywalker & Ahsoka Tano,Anakin Skywalker/Ahsoka Tano
falkenor,CT-7567 ,CC-2224 ,Din Djarin/Reader
LittleDiscoveredStars,Anakin Skywalker & Luke Skywalker,Luke Skywalker & Yoda,Padmé Amidala/Anakin SkywalkerLuke Skywalker
tell_some_storm,nanBen Solo ,Kylo RenRoses,Angel Wings
LizzoWinkyFace,CT-7567 ,Rex/Ahsoka Tano,Rex & Ahsoka TanoAhsoka Tano
antiheroanakinz,Padmé Amidala/Sabé,Padme Amidala/Anakin Skywalker (past)Padmé Amidala,Sabé (Star Wars)
Lady_Iwa,Kit Fisto/CT-7567 ,RexKit Fisto,CT-7567 
Xiao_Shan,nanTech (Star Wars: The Bad Batch),Hunter (Star Wars: The Bad Batch),CT-21-0408 
sydnubabu,Omega (Star Wars: The Bad Batch) & ReaderOmega (Star Wars: The Bad Batch),Hunter (Star Wars: The Bad Batch),ReaderTrans Omega (Star Wars: The Bad Batch)
1SilentWolfWarrior,nanAhsoka TanoFanart,Digital Painting,Digital Art
NomiNolinasiNNs,Mitth'raw'nuruodo,Thrawn ,Mitth'raw'nuruodo & Eli VantoThrawn 
CutePanda7002,Original Female Character(s)/Original Male Character(s)Obi-Wan Kenobi,Jedi Padawan Character(s),Qui-Gon Jinn
OliviaKenobi,Obi-Wan Kenobi/Satine Kryze,Anakin Skywalker/Padme Amidala,Asajj Ventress/Quinlan VosObi-Wan Kenobi
Dylan667,Fox,Rex,Clone Troopers & Anakin Skywalker
Sunpops1,)
lemoncellbros,Din Djarin/Luke SkywalkerDin Djarin,Luke Skywalker,Rey (Star Wars)
SkylaDoragono,Luke Skywalker & Darth Vader,Luke Skywalker & Chelli Lona Aphra,Randy the Intern/Rey (Star Wars)Luke Skywalker
Themperor_Rome,Padmé Amidala/Anakin Skywalker,Lux Bonteri/Ahsoka Tano,Obi-Wan Kenobi/Satine Kryze
ZATONEGUYHANS,Kenobi,Obi-Wan Kenobi is a Little Shit,Timeline? Dunno what that is.
Starofwinter,Din Djarin/Boba Fett/Fennec ShandDin Djarin,Boba Fett,Fennec Shand
cloud707,nanBen Tennyson,Gwen Tennyson,Max Tennyson
Natsuru,nannannan
sunsailsandmoonwalks,Padmé Amidala/Anakin SkywalkerPadmé Amidala,Anakin Skywalker,Luke Skywalker
TheShinyLizard,CC-2224 ,Cody/Obi-Wan KenobiObi-Wan Kenobi,Codydomestic life
